;bioproject;study_title;study_type;study_abstract;verdict;study_description;study_attribute;matching_biosample_count;total_biosample_count;short_title;prevalence_raw;twin_study;healthy_study;species_study
1;DRP000701;Metgenomic analysis of human gut microbiome in patients with multiple sclerosis (MS).;Other;13 individual of Japanese patients with multiple sclerosis.  Microbial DNA was sequenced using a 454 GS FLX titanium (Roche).;small;NA;NA;1;1;Metgenomic analysis of human gut microbi;1;FALSE;FALSE;human
2;DRP001306;Metagenome analysis of fecal microbiota from mouse which was promoted longevity, spatial learning and memory;Metagenomics;"Polyamines (PAs), such as putrescine, Spermidine, and spermine are related with cvarious bioactivity include strong anti-inflammatory function. Increasing PA concentration in intestine using probiotics; Bifidobacterium animalis subsp. lactis LKM512 caused inhibition of senescence and enhancing longevity of mice. We found that Arg intake also showed increase PAs concentration especially Putrescine. Mouse intakes Arg and LKM 512 resulted inhibited systemic inflammation, prolonged longevity, promoted spatial learning and memory. Metagenome analysis of intestinal mictobiota in those mice showed that detection of PA synthesis-related gene were different significantly between control and test mice.";small;NA;NA;1;1;Metagenome analysis of fecal microbiota ;1;FALSE;FALSE;unknown
3;DRP001307;Metagenome analysis of fecal microbiota from mouse which was promoted longevity, spatial learning and memory;Metagenomics;"Polyamines (PAs), such as putrescine, Spermidine, and spermine are related with cvarious bioactivity include strong anti-inflammatory function. Increasing PA concentration in intestine using probiotics; Bifidobacterium animalis subsp. lactis LKM512 caused inhibition of senescence and enhancing longevity of mice. We found that Arg intake also showed increase PAs concentration especially Putrescine. Mouse intakes Arg and LKM 512 resulted inhibited systemic inflammation, prolonged longevity, promoted spatial learning and memory. Metagenome analysis of intestinal mictobiota in those mice showed that detection of PA synthesis-related gene were different significantly between control and test mice.";small;NA;NA;1;1;Metagenome analysis of fecal microbiota ;1;FALSE;FALSE;unknown
4;DRP001940;Whole genome sequencing of Digital Dermatitis;Other;NA;small;NA;NA;1;1;Whole genome sequencing of Digital Derma;1;FALSE;FALSE;unknown
5;DRP003078;Metagenomic analyses of the RNA viral communities in a diatom colony;Other;We performed metagenomic analyses for RNA viral community by targeting long dsRNA in cellular organisms, a hallmark of infection or replication of both dsRNA and ssRNA viruses except for retroviruses. Colonies of a diatom on tidal rocks in Tokyo Bay (35.3405 N, 139.6396 E) were sampled at April 2014. Purified dsRNAs from the diatom colony were specifically converted into dsDNA, and resultant dsDNAs were sequenced by the Illumina MiSeq platform.;small;We performed metagenomic analyses for RNA viral community by targeting long dsRNA in cellular organisms, a hallmark of infection or replication of both dsRNA and ssRNA viruses except for retroviruses. Colonies of a diatom on tidal rocks in Tokyo Bay (35.3405 N, 139.6396 E) were sampled at April 2014. Purified dsRNAs from the diatom colony were specifically converted into dsDNA, and resultant dsDNAs were sequenced by the Illumina MiSeq platform.;NA;1;1;Metagenomic analyses of the RNA viral co;1;FALSE;FALSE;unknown
157;ERP127026;Metagenome data for Ageing and Rejuvenation model;Other;The gut microbiota is significantly associated with diverse age-related disorders, such as frailty and intestinal disorders. Rejuvenation methods such as probiotics, co-housing, and faecal microbiota transplantation have been applied to alter the gut microbiome of aged mice and promote healthy ageing. Nevertheless, the prolongation of the healthspan of aged mice by remodelling of gut microbiome is still challenging. Here, we report the change of key communities and their functions during ageing and three rejuvenation procedures based on model mice. Our results show that the microbial composition and gene abundance of the intestinal microbiota changed dynamically during the ageing process. Through three rejuvenation procedures, we found the microbial community and intestinal immunity of old mice can be transformed to comparable levels to that of young mice. The results of metagenomic data analysis underscore the importance of the high abundance of Akkermansia and butyrate biosynthesis pathway in rejuvenated mice group. Further, our results demonstrated oral administration of Akkermansia sufficiently ameliorates senescence-related phenotype in the intestinal and hematopoietic system in aged mice and extend healthspan evidenced by frailty index and restoration of muscle atrophy. These data could provide a rationale for developing therapeutic strategies for achieving healthy active ageing.;small;The gut microbiota is significantly associated with diverse age-related disorders, such as frailty and intestinal disorders. Rejuvenation methods such as probiotics, co-housing, and faecal microbiota transplantation have been applied to alter the gut microbiome of aged mice and promote healthy ageing. Nevertheless, the prolongation of the healthspan of aged mice by remodelling of gut microbiome is still challenging. Here, we report the change of key communities and their functions during ageing and three rejuvenation procedures based on model mice. Our results show that the microbial composition and gene abundance of the intestinal microbiota changed dynamically during the ageing process. Through three rejuvenation procedures, we found the microbial community and intestinal immunity of old mice can be transformed to comparable levels to that of young mice. The results of metagenomic data analysis underscore the importance of the high abundance of Akkermansia and butyrate biosynthesis pathway in rejuvenated mice group. Further, our results demonstrated oral administration of Akkermansia sufficiently ameliorates senescence-related phenotype in the intestinal and hematopoietic system in aged mice and extend healthspan evidenced by frailty index and restoration of muscle atrophy. These data could provide a rationale for developing therapeutic strategies for achieving healthy active ageing.;ENA-FIRST-PUBLIC: 2021-06-11 || ENA-LAST-UPDATE: 2021-06-11;1;1;Metagenome data for Ageing and Rejuvenat;1;FALSE;TRUE;unknown
39;ERP009244;Comparison of distal gut microbiota structure and function in US and Egyptian children;Other;Cultural traditions, diet, and lifestyles of ethnic groups living in different geographic locations can serve as a source of variability in human gut microbiota. To examine the differences in gut microbiome of geographically distinct populations, we have carried out phylogenetic, functional, and metabolite analyses of the distal gut microbiota of healthy adolescents from United States and Egypt using next generation high-throughput sequencing.;small;Cultural traditions, diet, and lifestyles of ethnic groups living in different geographic locations can serve as a source of variability in human gut microbiota. To examine the differences in gut microbiome of geographically distinct populations, we have carried out phylogenetic, functional, and metabolite analyses of the distal gut microbiota of healthy adolescents from United States and Egypt using next generation high-throughput sequencing.;ENA-FIRST-PUBLIC: 2017-01-12 || ENA-LAST-UPDATE: 2015-01-11;1;2;Comparison of distal gut microbiota stru;0,5;FALSE;TRUE;human
44;ERP010479;Marine metagenomes and metatranscriptomes from 3 sediment samples along a pH gradient in Papua New Guinea;Metagenomics;Sediment microbial communities are key players in biogeochemical cycling and the remineralization of organic matter on tropical reefs. To better understand the long-term effects of low pH conditions on sediment microbial communities, microbial diversity and community composition were investigated at naturally CO2-rich tropical coral reefs in Papua New Guinea. Metagenomic and metatranscriptomic analyses will reveal insights into the response of sediment microbial communities and their functions to low pH environments.;small;Sediment microbial communities are key players in biogeochemical cycling and the remineralization of organic matter on tropical reefs. To better understand the long-term effects of low pH conditions on sediment microbial communities, microbial diversity and community composition were investigated at naturally CO2-rich tropical coral reefs in Papua New Guinea. Metagenomic and metatranscriptomic analyses will reveal insights into the response of sediment microbial communities and their functions to low pH environments.;ENA-FIRST-PUBLIC: 2019-01-09 || ENA-LAST-UPDATE: 2016-02-22;1;2;Marine metagenomes and metatranscriptome;0,5;FALSE;FALSE;unknown
53;ERP013851;Metagenome and viral metagenome fraction isolated from Blanes (Mediterranean Sea);Other;Surface seawater samples were collected form the Blanes Bay Microbial Observatory (BBMO) in the north-western Mediterranean Sea, and they was used for metaviromics and metagenomics analyses.;small;Surface seawater samples were collected form the Blanes Bay Microbial Observatory (BBMO) in the north-western Mediterranean Sea, and they was used for metaviromics and metagenomics analyses.;NA;1;2;Metagenome and viral metagenome fraction;0,5;FALSE;FALSE;unknown
78;ERP104558;Microbial functional diversity and its dynamics during seed germination and emergence;Other;In this project, we aim to apply metagenomics approaches to uncover the function of the seed microbiota and its changes during germination and emergence. We will try to reveal through metagenomics the genetic content of this microbiota in seeds, germinating seeds and seedlings from 2 different plant families (Fabaceae and Brassicaceae). The study of the differences in gene abundance during germination and emergence in these plant species will reveal novel insights regarding the function and colonizing strategies of microorganisms in seeds and young plants.;small;In this project, we aim to apply metagenomics approaches to uncover the function of the seed microbiota and its changes during germination and emergence. We will try to reveal through metagenomics the genetic content of this microbiota in seeds, germinating seeds and seedlings from 2 different plant families (Fabaceae and Brassicaceae). The study of the differences in gene abundance during germination and emergence in these plant species will reveal novel insights regarding the function and colonizing strategies of microorganisms in seeds and young plants.;ENA-FIRST-PUBLIC: 2018-05-22 || ENA-LAST-UPDATE: 2017-09-29;1;2;Microbial functional diversity and its d;0,5;FALSE;FALSE;unknown
116;ERP115493;Microbial communities in oil seeps from the Gulf of Mexico;Other;Crude oil and gases in the seabed provide an important energy source for seabed microorganisms. We investigated the role of archaea in the anaerobic degradation of alkanes in deep-sea oil seeps from the Gulf of Mexico. For that we performed 16S amplicon sequencing for bacteria and archaea in sediment samples collected from a cold seep (GeoB19351-14), from ambient sediment (GeoB19351-5) and from sediment sample with asphalt pieces (GeoB19331-1). The analysis showed distinct archaeal and bacteria communities in the cold seep and asphalt sediments compared to the ambient sediment. The sediments contain a substantial diversity of hydrocarbon-dependent archaea such as anaerobic methanotrophs (ANME), Candidatus Syntrophoarchaeum, Candidatus Methanoliparia and GoM-Arc1 archaea. To study the function of these archaea, we sequenced metagenomic libraries from DNA extracted from the cold seep sediment (7 libraries, GeoB19351-14) and the asphalt sediment (1 library, GeoB19331-1). We used these metagenomic libraries to obtained two metagenome-assembled genomes (MAGs) affiliated with Ca. Methanoliparia: one obtained from the cold seep sediment libraries and the second one obtained from the asphalt sediment library. Additionally, we did single cell sorting from sediment samples of the cold seep (GeoB19351-14) and performed sequencing to obtained a genomic library used to reconstruct a single amplified genome (SAG) affiliated to Candidatus Syntrophoarchaeum.;small;Crude oil and gases in the seabed provide an important energy source for seabed microorganisms. We investigated the role of archaea in the anaerobic degradation of alkanes in deep-sea oil seeps from the Gulf of Mexico. For that we performed 16S amplicon sequencing for bacteria and archaea in sediment samples collected from a cold seep (GeoB19351-14), from ambient sediment (GeoB19351-5) and from sediment sample with asphalt pieces (GeoB19331-1). The analysis showed distinct archaeal and bacteria communities in the cold seep and asphalt sediments compared to the ambient sediment. The sediments contain a substantial diversity of hydrocarbon-dependent archaea such as anaerobic methanotrophs (ANME), Candidatus Syntrophoarchaeum, Candidatus Methanoliparia and GoM-Arc1 archaea. To study the function of these archaea, we sequenced metagenomic libraries from DNA extracted from the cold seep sediment (7 libraries, GeoB19351-14) and the asphalt sediment (1 library, GeoB19331-1). We used these metagenomic libraries to obtained two metagenome-assembled genomes (MAGs) affiliated with Ca. Methanoliparia: one obtained from the cold seep sediment libraries and the second one obtained from the asphalt sediment library. Additionally, we did single cell sorting from sediment samples of the cold seep (GeoB19351-14) and performed sequencing to obtained a genomic library used to reconstruct a single amplified genome (SAG) affiliated to Candidatus Syntrophoarchaeum.;ENA-FIRST-PUBLIC: 2019-07-10 || ENA-LAST-UPDATE: 2019-06-18;1;3;Microbial communities in oil seeps from ;0,333333333;FALSE;FALSE;unknown
10;DRP004970;Plant pretreatment with rumen fluid;Metagenomics;Metagenomic analysis of lignocellulosic biomass degradation system with cow rumen fluid. We will develop this system for the Project of Next-generation Energies for Tohoku Recovery.;small;NA;NA;1;4;Plant pretreatment with rumen fluid;0,25;FALSE;FALSE;bovine
20;DRP006964;Megaviridae metabarcoding diversity analysis data;Other;We generated raw data using the PolB family DNA polymerase primers of Li et al. (2018) in 8 illumina Miseq runs. This data is mostly generated from a single seawater sample, however three seawater samples were analyzed.;small;NA;NA;1;4;Megaviridae metabarcoding diversity anal;0,25;FALSE;FALSE;unknown
21;DRP007254;Metaepigenomic anaysis of pelagic microbial communities;Metagenomics;In this study, we conducted metaepigenomic analysis using microbial samples collected from four different depth layers at the North-West Pacific Ocean.;small;NA;NA;1;4;Metaepigenomic anaysis of pelagic microb;0,25;FALSE;FALSE;unknown
32;ERP002607;Making and breaking DMS by salt marsh microbes (Illumina MiSeq 250bp);Metagenomics;Study of microbial populations that cycle the globally significant organic sulfur compounds dimethylsulfoniopropionate (DMSP) and dimethylsulfide (DMS) in coastal intertidal sediments.;small;NA;NA;1;4;Making and breaking DMS by salt marsh mi;0,25;FALSE;FALSE;unknown
66;ERP018170;Saliva microbiome of pig in Japan;Other;Metagenomic sequences of microbiome obtained from pig saliva in Japan;small;Metagenomic sequences of microbiome obtained from pig saliva in Japan;ENA-FIRST-PUBLIC: 2019-10-17 || ENA-LAST-UPDATE: 2016-10-18;1;4;Saliva microbiome of pig in Japan;0,25;FALSE;FALSE;unknown
91;ERP108617;Pelagic sediment metagenome of Gulf of Kutch;Other;Study of microflora associated with the Pelagic Sediments of the Gulf of Kutch using metagenomics;small;Study of microflora associated with the Pelagic Sediments of the Gulf of Kutch using metagenomics;ENA-FIRST-PUBLIC: 2020-04-14 || ENA-LAST-UPDATE: 2020-03-23;1;4;Pelagic sediment metagenome of Gulf of K;0,25;FALSE;FALSE;unknown
63;ERP017012;Structure and function of the fecal microbiota in diarrhoeic neonatal piglets;Other;A comprehensive sequencing evaluation of the fecal microbial composition and functional perturbation in the diarrhea condition of suckling piglets.;small;A comprehensive sequencing evaluation of the fecal microbial composition and functional perturbation in the diarrhea condition of suckling piglets.;ENA-FIRST-PUBLIC: 2018-06-29 || ENA-LAST-UPDATE: 2016-10-11;1;5;Structure and function of the fecal micr;0,2;FALSE;FALSE;unknown
70;ERP021385;Viral metagenome study of Han River body;Other;Viral metagenomic study was performed on the Han River body, one of the major river in South Korea. Surface samples were collected from upstream to downstream of the waterbody.;small;Viral metagenomic study was performed on the Han River body, one of the major river in South Korea. Surface samples were collected from upstream to downstream of the waterbody.;ENA-FIRST-PUBLIC: 2019-02-08 || ENA-LAST-UPDATE: 2017-02-09;2;5;Viral metagenome study of Han River body;0,4;FALSE;FALSE;unknown
90;ERP108616;Pelagic sediment metagenome of Gulf of Khambhat;Other;Community structure and pollutant degradation ability of deep sediment microflora of Gulf of Khambhat using culture independent approach;small;Community structure and pollutant degradation ability of deep sediment microflora of Gulf of Khambhat using culture independent approach;ENA-FIRST-PUBLIC: 2020-04-14 || ENA-LAST-UPDATE: 2020-03-23;1;5;Pelagic sediment metagenome of Gulf of K;0,2;FALSE;FALSE;unknown
133;ERP119604;Structure and functions of hydrocarbon-degrading microbial communities in bioelectrochemical systems;Other;Bioelectrochemical systems (BES) exploit the interaction between microbes andelectrodes. A field of application thereof, is bioelectrochemical remediation, an effective strategy inenvironments where the absence of suitable electron acceptors limits classic bioremediationapproaches. Understanding the microbial community structure and genetic potential of anodebiofilms is of great interest to interpret the mechanisms occurring in BES. In this study, by using awhole metagenome sequencing approach, taxonomic and functional diversity patterns in theinoculum and on the anodes of three continuous-flow BES for the removal of phenol, toluene andBTEX were obtained. The genus Geobacter was highly enriched on the anodes and tworeconstructed genomes were taxonomically related to the Geobacteraceae family. To functionallycharacterize the microbial community, the genes coding for the anaerobic degradation of toluene,ethylbenzene and phenol were selected as genetic markers for the anaerobic degradation of thepollutants. The genes related with direct extracellular electron transfer (EET) were also analyzed.The inoculum carried the genetic baggage for the degradation of aromatics but lacked the capacityof EET, while anodic bacterial communities were able to pursuit both processes. Themetagenomic approach provided useful insights into the ecology and complex functions withinhydrocarbon degrading electrogenic biofilms.;small;Bioelectrochemical systems (BES) exploit the interaction between microbes andelectrodes. A field of application thereof, is bioelectrochemical remediation, an effective strategy inenvironments where the absence of suitable electron acceptors limits classic bioremediationapproaches. Understanding the microbial community structure and genetic potential of anodebiofilms is of great interest to interpret the mechanisms occurring in BES. In this study, by using awhole metagenome sequencing approach, taxonomic and functional diversity patterns in theinoculum and on the anodes of three continuous-flow BES for the removal of phenol, toluene andBTEX were obtained. The genus Geobacter was highly enriched on the anodes and tworeconstructed genomes were taxonomically related to the Geobacteraceae family. To functionallycharacterize the microbial community, the genes coding for the anaerobic degradation of toluene,ethylbenzene and phenol were selected as genetic markers for the anaerobic degradation of thepollutants. The genes related with direct extracellular electron transfer (EET) were also analyzed.The inoculum carried the genetic baggage for the degradation of aromatics but lacked the capacityof EET, while anodic bacterial communities were able to pursuit both processes. Themetagenomic approach provided useful insights into the ecology and complex functions withinhydrocarbon degrading electrogenic biofilms.;ENA-FIRST-PUBLIC: 2020-03-23 || ENA-LAST-UPDATE: 2020-01-24;1;5;Structure and functions of hydrocarbon-d;0,2;FALSE;FALSE;unknown
41;ERP009346;Benchmark of metagenome analysis tools;Other;"A set of complex, realistic data sets were simulated based on real Illumina HiSeq 2000 data (100 bp PE reads). Two ""conditions"" consisting of 3 replicates each were used to evaluate the performance of a number of metagenome analysis tools.";small;"A set of complex, realistic data sets were simulated based on real Illumina HiSeq 2000 data (100 bp PE reads). Two ""conditions"" consisting of 3 replicates each were used to evaluate the performance of a number of metagenome analysis tools.";NA;6;6;Benchmark of metagenome analysis tools;1;FALSE;FALSE;unknown
67;ERP019576;Generation of thousands of high-quality, full-length 16S/18S rRNA sequences from complex microbial samples without rRNA primer bias.;Other;NA;small;Generation of thousands of high-quality, full-length 16S/18S rRNA sequences from complex microbial samples without rRNA primer bias.;ENA-FIRST-PUBLIC: 2016-12-21 || ENA-LAST-UPDATE: 2016-11-08;1;6;Generation of thousands of high-quality,;0,166666667;FALSE;FALSE;unknown
130;ERP118688;In this study we assessed the effects of indirect exposure of antibiotics via irrigation water in microbiomes and resistomes composition of soil and Lactuca Sativa (Lettuce) in a controlled setting. We collected samples from soil and roots, and microbiome composition of all samples went through shotgun-sequencing.;Other;In this study we assessed the effects of indirect exposure of antibiotics via irrigation water in resistomes composition of soil and Lactuca Sativa (Lettuce) in a controlled setting. We collected samples from soil and roots, and the resistome through metagenomics methods. We compared soil and roots resistomes of lettuce, grown under irrigation with tap water, and tap water spiked with the ABs selected.;small;In this study we assessed the effects of indirect exposure of antibiotics via irrigation water in resistomes composition of soil and Lactuca Sativa (Lettuce) in a controlled setting. We collected samples from soil and roots, and the resistome through metagenomics methods. We compared soil and roots resistomes of lettuce, grown under irrigation with tap water, and tap water spiked with the ABs selected.;ENA-FIRST-PUBLIC: 2020-06-30 || ENA-LAST-UPDATE: 2019-11-29;2;6;In this study we assessed the effects of;0,333333333;FALSE;FALSE;unknown
132;ERP119294;Shotgun metagenomic sequencing of Lake Slone sediment.;Other;Lake sediments not only store the long-term ecological information, but are also a source of sedimentary ancient DNA (sedaDNA). Here, by combination of traditional multi-proxy paleolimnological methods with the whole-metagenome shotgun-sequencing of sedaDNA we were able to paint a comprehensive picture of the fluctuations in trophy and microbial diversity and metabolism of a small temperate lake in response to hemp retting, across the past 2000 years. Hemp retting (HR), a key step in hemp fibre production, was historically carried out in freshwater reservoirs and had a negative impact on the lake ecosystems. In Lake Slone, we identified two HR events, during the late stage of Roman and Early Medieval periods, and correlated these to increased trophy and imbalanced lake microbiome. The metagenomic analyses showed a higher abundance of Chloroflexi, Planctomycetes and Bacteroidetes and a functional shift towards anaerobic metabolism, including degradation of complex biopolymers such as pectin and cellulose, during HR episodes. The lake eutrophication during HR was linked to the allochthonous, rather than autochthonous carbon supply – hemp straws. We also showed that the identification of HR based on the palynological analysis of hemp pollen may be inconclusive and we suggest employment of the fibre count analysis as an additional and independent proxy.;small;Lake sediments not only store the long-term ecological information, but are also a source of sedimentary ancient DNA (sedaDNA). Here, by combination of traditional multi-proxy paleolimnological methods with the whole-metagenome shotgun-sequencing of sedaDNA we were able to paint a comprehensive picture of the fluctuations in trophy and microbial diversity and metabolism of a small temperate lake in response to hemp retting, across the past 2000 years. Hemp retting (HR), a key step in hemp fibre production, was historically carried out in freshwater reservoirs and had a negative impact on the lake ecosystems. In Lake Slone, we identified two HR events, during the late stage of Roman and Early Medieval periods, and correlated these to increased trophy and imbalanced lake microbiome. The metagenomic analyses showed a higher abundance of Chloroflexi, Planctomycetes and Bacteroidetes and a functional shift towards anaerobic metabolism, including degradation of complex biopolymers such as pectin and cellulose, during HR episodes. The lake eutrophication during HR was linked to the allochthonous, rather than autochthonous carbon supply – hemp straws. We also showed that the identification of HR based on the palynological analysis of hemp pollen may be inconclusive and we suggest employment of the fibre count analysis as an additional and independent proxy.;ENA-FIRST-PUBLIC: 2021-07-21 || ENA-LAST-UPDATE: 2022-11-03;2;6;Shotgun metagenomic sequencing of Lake S;0,333333333;FALSE;FALSE;unknown
148;ERP124503;Shotgun metagenomics of total DNA isolated from intestinal content of wild and domestic animals;Other;Our objective was to investigate and quantify the scale of the AMR phenomenon in several species of domestic and wild animals. We applied shotgun metagenomics of total DNA isolated from intestinal content of animals: turkeys, chickens, pigs, wild boars, foxes and rodents to explore the abundance of different resistance genes, and to examine bacterial and plasmid composition. We also looked at the possible diet of selected animals in the context of AMR spread.;small;Our objective was to investigate and quantify the scale of the AMR phenomenon in several species of domestic and wild animals. We applied shotgun metagenomics of total DNA isolated from intestinal content of animals: turkeys, chickens, pigs, wild boars, foxes and rodents to explore the abundance of different resistance genes, and to examine bacterial and plasmid composition. We also looked at the possible diet of selected animals in the context of AMR spread.;ENA-FIRST-PUBLIC: 2020-11-18 || ENA-LAST-UPDATE: 2020-10-15;3;6;Shotgun metagenomics of total DNA isolat;0,5;FALSE;FALSE;unknown
15;DRP005482;Metaviromic analyses on crane fecal samples;Metagenomics;The objective of this project is to explore novel viruses in feces of wild cranes (Grus spp.) in the Izumi plain, Japan.;small;NA;NA;4;7;Metaviromic analyses on crane fecal samp;0,571428571;FALSE;FALSE;unknown
109;ERP113759;gut microbiota of wild-living fish (V1-3 region, 454 pyrosequencing);Other;NA;small;gut microbiota of wild-living fish (V1-3 region, 454 pyrosequencing);ENA-FIRST-PUBLIC: 2019-02-13 || ENA-LAST-UPDATE: 2019-02-13;1;7;gut microbiota of wild-living fish (V1-3;0,142857143;FALSE;FALSE;unknown
119;ERP116024;Microbial diversity and function of HAUSGARTEN deep-sea sediments;Other;To gain insight into a) the potential of deep-sea surface sediment bacterial assemblages to process organic matter and b) the taxonomic and functional variation across these assemblages, we analyzed a collection of multi-omic data sets. We generated 16S rRNA gene amplicon libraries, as well as metagenomic and -transcriptomic datasets from samples collected along a benthic depth gradient from 1,200 m to 5,500 m at the Arctic long-term ecological research station HAUSGARTEN.;small;NA;ENA-FIRST-PUBLIC: 2021-09-21 || ENA-LAST-UPDATE: 2021-09-21;1;7;Microbial diversity and function of HAUS;0,142857143;FALSE;FALSE;unknown
33;ERP003628;Shotgun Sequencing of Tara Oceans DNA samples corresponding to size fractions for protist;Metagenomics;Seawater was filtered from different depths to retain small and large cell sizes. The DNA was extracted and submitted to high throughput sequencing.;small;Seawater was filtered from different depths to retain small and large cell sizes. The DNA was extracted and submitted to high throughput sequencing.;ENA-FIRST-PUBLIC: 2013-07-22 || ENA-LAST-UPDATE: 2021-08-02;1;8;Shotgun Sequencing of Tara Oceans DNA sa;0,125;FALSE;FALSE;unknown
47;ERP012232;Metagenomes from full scale mesophilic anaerobic digesters in Denmark;Other;Metagenomes from full scale mesophilic anaerobic digesters in Denmark treating surplus sludge at WWTPs. The samples originate from 3 different plants and are used to provide differential abundance to facilitate genome extraction based on differential coverage binning as described by Albertsen et al 2013;small;Metagenomes from full scale mesophilic anaerobic digesters in Denmark treating surplus sludge at WWTPs. The samples originate from 3 different plants and are used to provide differential abundance to facilitate genome extraction based on differential coverage binning as described by Albertsen et al 2013;NA;1;8;Metagenomes from full scale mesophilic a;0,125;FALSE;FALSE;unknown
52;ERP013742;Metatranscriptomes;Other;tbc;small;tbc;ENA-FIRST-PUBLIC: 2016-08-25 || ENA-LAST-UPDATE: 2016-08-25;1;8;Metatranscriptomes;0,125;FALSE;FALSE;unknown
106;ERP111299;Broiler Caecal Metagenome;Other;Broiler caecal samples were analysed using metagenomics;small;Broiler caecal samples were analysed using metagenomics;ENA-FIRST-PUBLIC: 2020-09-30 || ENA-LAST-UPDATE: 2018-10-04;6;8;Broiler Caecal Metagenome;0,75;FALSE;FALSE;unknown
123;ERP116677;Optimizing sequencing protocols for leaderboard metagenomics by combining long and short reads;Metagenomics;We introduce a low-cost protocol for high throughput library preparation and sequencing;small;NA;ENA-FIRST-PUBLIC: 2019-08-05 || ENA-LAST-UPDATE: 2019-08-03;5;8;Optimizing sequencing protocols for lead;0,625;FALSE;FALSE;unknown
131;ERP119104;Aerosol antibiotic resistance gene dissemination among hospital departments by culture-facilitated comparative metagenomics;Other;Genes make microorganisms resistant to antibiotics are overwhelmingly present in environments, and those in the air seem to consistently worsen human health, especially in built-in hospitals. In this study, we sampled two distinct seasonal solid-, liquid- and gaseous-state samples in a large occupied hospital, and mainly aim to study the temporal and spatial micro-ecology and antibiotic resistance gene (ARG) distribution patterns within hospital settings using culture-facilitated comparative metagenomics in combinations with other widely applied methods.;small;Genes make microorganisms resistant to antibiotics are overwhelmingly present in environments, and those in the air seem to consistently worsen human health, especially in built-in hospitals. In this study, we sampled two distinct seasonal solid-, liquid- and gaseous-state samples in a large occupied hospital, and mainly aim to study the temporal and spatial micro-ecology and antibiotic resistance gene (ARG) distribution patterns within hospital settings using culture-facilitated comparative metagenomics in combinations with other widely applied methods.;ENA-FIRST-PUBLIC: 2020-01-09 || ENA-LAST-UPDATE: 2019-12-23;1;8;Aerosol antibiotic resistance gene disse;0,125;FALSE;FALSE;human
163;ERP129716;Double-stranded RNA meta-transcriptomes from the gut microbiome of calves treated or untreated with florfenicol.;Other;In this study, double-stranded RNA meta-transcriptomes of the gut microbiota of calves were sequenced.  This was part of a study in which calves were treated or untreated with florfenicol.  A sample preparation method was applied to enrich dsRNA and deplete single stranded RNA (ssRNA).  Two sequence library preparation methods were applied to some samples: a standard 'random' cDNA library method (rdm) and small RNA method (sRNA), to enable the results to be compared.;small;In this study, double-stranded RNA meta-transcriptomes of the gut microbiota of calves were sequenced.  This was part of a study in which calves were treated or untreated with florfenicol.  A sample preparation method was applied to enrich dsRNA and deplete single stranded RNA (ssRNA).  Two sequence library preparation methods were applied to some samples: a standard 'random' cDNA library method (rdm) and small RNA method (sRNA), to enable the results to be compared.;ENA-FIRST-PUBLIC: 2021-08-09 || ENA-LAST-UPDATE: 2021-08-09;3;8;Double-stranded RNA meta-transcriptomes ;0,375;FALSE;FALSE;bovine
98;ERP110358;E. coli diversity in healthy and IBD human gut;Other;"Recent studies show that the intestinal microbiota of patients with CD is enriched by adherent-invasive E. coli. The aim of this study was to characterize the diversity of E. coli strains in human fecal samples from healthy people and patients with Crohn's disease (CD). Stool samples were collected from two patients: with diagnosed CD (samples' prefix ""CD64"") and without any observed symptoms of the gastrointestinal disorders (samples' prefix ""1-39""). For each individual, different E. coli morphotypes on Endo medium tested for hemolytic activity as well as mixed colony suspensions from Endo plates were analyzed through the whole genome sequencing on Illumina Miseq platform. Here we present the raw reads for 9 samples, including 2 bacterial suspensions (1-39-10-2, CD64-0-5) and 7 single E. coli colonies (1-39-1, 1-39-12, CD64-2, CD64-3, CD64-5, CD64-9, CD64-12).";small;"Recent studies show that the intestinal microbiota of patients with CD is enriched by adherent-invasive E. coli. The aim of this study was to characterize the diversity of E. coli strains in human fecal samples from healthy people and patients with Crohn's disease (CD). Stool samples were collected from two patients: with diagnosed CD (samples' prefix ""CD64"") and without any observed symptoms of the gastrointestinal disorders (samples' prefix ""1-39""). For each individual, different E. coli morphotypes on Endo medium tested for hemolytic activity as well as mixed colony suspensions from Endo plates were analyzed through the whole genome sequencing on Illumina Miseq platform. Here we present the raw reads for 9 samples, including 2 bacterial suspensions (1-39-10-2, CD64-0-5) and 7 single E. coli colonies (1-39-1, 1-39-12, CD64-2, CD64-3, CD64-5, CD64-9, CD64-12).";ENA-FIRST-PUBLIC: 2018-08-12 || ENA-LAST-UPDATE: 2018-08-12;1;9;E. coli diversity in healthy and IBD hum;0,111111111;FALSE;TRUE;human
159;ERP127934;Availability of vitamin B12 and its lower ligand a-ribazole affect growth and composition of prokaryotic and protist communities in oceanic systems (metagenome);Other;We conducted three mesocosm experiments in the south-subtropical, equatorial and subarctic Pacific Ocean on board of the scientific cruise SO248, surveying the effect of vitamin B12 and a-ribazole (B12 lower ligand) supply to the microbial community. We uploaded metagenome (HiSeq Illumina) sequencing data of selected time points of our mesocosm experiments.;small;NA;ENA-FIRST-PUBLIC: 2021-06-21 || ENA-LAST-UPDATE: 2021-06-21;1;9;Availability of vitamin B12 and its lowe;0,111111111;FALSE;FALSE;unknown
42;ERP009963;Pathogen-induced activation of disease-suppressive functions in the endophytic root microbiome;Other;Microorganisms living inside plant roots can promote plant growth and health, but their genomic and functional diversity remain elusive. Here, metagenomics and network inference of the endophytic root microbiome of plants grown in soil suppressive to the fungal pathogen Rhizoctonia solani, revealed high abundance of Chitinophagaceae and Flavobacteriaceae and a rich metabolic diversity of 730 biosynthetic gene clusters with only 12 known. Chitinase and NRPS genes were expressed in these endophytic bacterial families primarily upon pathogen challenge of the roots. Following de novo genome assembly, a consortium of endophytic Chitinophaga and Flavobacterium was reconstructed that suppressed root disease more consistently than individual members. CRISPR-Cas-based mutagenesis further revealed that a novel NRPS-PKS hybrid gene cluster from Flavobacterium was key to the disease-suppressive activity of the endophytic consortium. Our results highlight that endophytic root microbiomes harbor a wealth of yet unknown functional traits that, in concert, can protect the plant inside out.;small;Microorganisms living inside plant roots can promote plant growth and health, but their genomic and functional diversity remain elusive. Here, metagenomics and network inference of the endophytic root microbiome of plants grown in soil suppressive to the fungal pathogen Rhizoctonia solani, revealed high abundance of Chitinophagaceae and Flavobacteriaceae and a rich metabolic diversity of 730 biosynthetic gene clusters with only 12 known. Chitinase and NRPS genes were expressed in these endophytic bacterial families primarily upon pathogen challenge of the roots. Following de novo genome assembly, a consortium of endophytic Chitinophaga and Flavobacterium was reconstructed that suppressed root disease more consistently than individual members. CRISPR-Cas-based mutagenesis further revealed that a novel NRPS-PKS hybrid gene cluster from Flavobacterium was key to the disease-suppressive activity of the endophytic consortium. Our results highlight that endophytic root microbiomes harbor a wealth of yet unknown functional traits that, in concert, can protect the plant inside out.;Disease-suppressive soils || metagenome || nonribosomal peptides || chitinases || synthetic communities || CRISPR-Cas || ENA-FIRST-PUBLIC: 2017-03-24 || ENA-LAST-UPDATE: 2019-07-17;1;10;Pathogen-induced activation of disease-s;0,1;FALSE;FALSE;unknown
14;DRP005424;Phylum-metabolic pathway relationships in a reclaimated soil;Other;The purpose of the present study is to investigate the phylum-metabolic pathway relationships in a soil treated with control (no amendment), NPK (straw plus NKP fertilizers) and OF (straw plus NPK plus manure).;small;NA;NA;1;12;Phylum-metabolic pathway relationships i;0,083333333;FALSE;FALSE;environmenal
45;ERP011645;Impact of ciprofloxacin pertubation on the intestinal resistome and microbiota in two healthy volunteers;Other;Two healthy male volunteers (S1 and S2) were treated with ciprofloxacin for 6 days (500 mg orally twice daily). Stool samples from both participants were collected before treatment (baseline), on day 1, 3 and 6 of treatment as well as 2 and 28 days after treatment. Metagenomic shotgun sequencing was performed with all samples.;small;Two healthy male volunteers (S1 and S2) were treated with ciprofloxacin for 6 days (500 mg orally twice daily). Stool samples from both participants were collected before treatment (baseline), on day 1, 3 and 6 of treatment as well as 2 and 28 days after treatment. Metagenomic shotgun sequencing was performed with all samples.;NA;1;12;Impact of ciprofloxacin pertubation on t;0,083333333;FALSE;TRUE;human
100;ERP110466;Eukaryotic and Prokaryotic RNAseq of untended mouse carcass samples and mouse carcass samples tended by the beetle Nicrophorus vespilloides.;Other;The ability to feed on a wide range of diets has enabled insects to diversify and colonize specialized niches. Carrion for example, is highly susceptible to microbial decomposers, but is kept palatable several days after an animal's death by carrion feeding insects. Here we show that utilization of carrion by the burying beetle Nicrophorus vespilloides is associated with altering its bacterial and fungal community composition and its prokaryotic and eukaryotic transcriptome, making them distinct from untended (decomposing) carcasses. Beetle-tended carcasses showed no signs of degradation and supported the growth of the beetles' gut microbiota, including the yeast Yarrowia. In contrast, untended carcasses showed visual and olfactory signs of putrefaction and supported the growth of endogenous and soil-originating microbial decomposers. We demonstrate that breeding beetles preserve carrion by preventing the microbial succession associated with carrion decomposition, thereby resulting in the reduction of putrescine and cadaverine (toxic polyamines associated with putrefaction), and altering the protease, lipase and free amino acid levels, thus ensuring a high quality resource for their developing larvae. Beetle-tended carcasses develop a biofilm-like matrix housing the yeast, which when experimentally removed leads to reduced larval growth. Thus, tended carcasses hosted a mutualistic microbial community that is required for optimal larval growth, likely through symbiont-mediated extra-intestinal digestion and detoxification of carrion nutrients. The adaptive preservation of carrion coordinated by the beetles and their symbionts demonstrates a specialized resource management strategy through which insects modify their habitats to enhance fitness.;small;The ability to feed on a wide range of diets has enabled insects to diversify and colonize specialized niches. Carrion for example, is highly susceptible to microbial decomposers, but is kept palatable several days after an animal's death by carrion feeding insects. Here we show that utilization of carrion by the burying beetle Nicrophorus vespilloides is associated with altering its bacterial and fungal community composition and its prokaryotic and eukaryotic transcriptome, making them distinct from untended (decomposing) carcasses. Beetle-tended carcasses showed no signs of degradation and supported the growth of the beetles' gut microbiota, including the yeast Yarrowia. In contrast, untended carcasses showed visual and olfactory signs of putrefaction and supported the growth of endogenous and soil-originating microbial decomposers. We demonstrate that breeding beetles preserve carrion by preventing the microbial succession associated with carrion decomposition, thereby resulting in the reduction of putrescine and cadaverine (toxic polyamines associated with putrefaction), and altering the protease, lipase and free amino acid levels, thus ensuring a high quality resource for their developing larvae. Beetle-tended carcasses develop a biofilm-like matrix housing the yeast, which when experimentally removed leads to reduced larval growth. Thus, tended carcasses hosted a mutualistic microbial community that is required for optimal larval growth, likely through symbiont-mediated extra-intestinal digestion and detoxification of carrion nutrients. The adaptive preservation of carrion coordinated by the beetles and their symbionts demonstrates a specialized resource management strategy through which insects modify their habitats to enhance fitness.;ENA-FIRST-PUBLIC: 2018-08-22 || ENA-LAST-UPDATE: 2018-08-20;1;12;Eukaryotic and Prokaryotic RNAseq of unt;0,083333333;FALSE;FALSE;unknown
107;ERP111328;Functional changes after bariatric surgery by shotgun metagenomic sequencing in obese Chilean subjects;Other;The gut microbiota has been shown to have an important influence on host health. Microbial composition of the gut microbiota is modulated by diet and human habits. It has been reported that microbial composition is altered in obese people. Obesity is a worldwide health problem that negatively affects quality of life. Interestingly, it has been suggested that the gut microbiota is a relevant factor in weight loss after bariatrics surgery. Considering that human gut microbiota changes according the world region, it is possibly that bariatrics procedures cause different rearrangements of the gut microbiota regarding the region where the patient belong.  In this study, we compared the microbial composition of the human gut microbiota belonging to obese people coming from different locations. Furthermore, we studied the functional changes after bariatric surgery by shotgun metagenomic sequencing in a DNA cohort obtained from a previous study. The functional patterns obtained were compared with data published by studies from others regions of the world.  In overall, obese microbiota composition is different according to the belonging region. This differences are reflected in the functional patterns and its possibly that influence the microbiota behavior after bariatric surgery.;small;The gut microbiota has been shown to have an important influence on host health. Microbial composition of the gut microbiota is modulated by diet and human habits. It has been reported that microbial composition is altered in obese people. Obesity is a worldwide health problem that negatively affects quality of life. Interestingly, it has been suggested that the gut microbiota is a relevant factor in weight loss after bariatrics surgery. Considering that human gut microbiota changes according the world region, it is possibly that bariatrics procedures cause different rearrangements of the gut microbiota regarding the region where the patient belong.  In this study, we compared the microbial composition of the human gut microbiota belonging to obese people coming from different locations. Furthermore, we studied the functional changes after bariatric surgery by shotgun metagenomic sequencing in a DNA cohort obtained from a previous study. The functional patterns obtained were compared with data published by studies from others regions of the world.  In overall, obese microbiota composition is different according to the belonging region. This differences are reflected in the functional patterns and its possibly that influence the microbiota behavior after bariatric surgery.;ENA-FIRST-PUBLIC: 2018-10-05 || ENA-LAST-UPDATE: 2018-10-05;3;12;Functional changes after bariatric surge;0,25;FALSE;FALSE;human
127;ERP117365;Metagenomic sequencing of the rumen of cattle (Bos Taurus), sheep (Ovis aries), reindeer (Rangifer tarandus) and red deer (Cervus elaphus);Other;Metagenomic data was generated for rumen contents samples taken from two domesticated ruminant species (cattle and sheep) and two non-domesticated species (reindeer and red deer). This data was used to generate metagenome assembled genomes and to enable the taxonomic and functional comparison of the microbiota of these species.;small;Metagenomic data was generated for rumen contents samples taken from two domesticated ruminant species (cattle and sheep) and two non-domesticated species (reindeer and red deer). This data was used to generate metagenome assembled genomes and to enable the taxonomic and functional comparison of the microbiota of these species.;ENA-FIRST-PUBLIC: 2019-11-17 || ENA-LAST-UPDATE: 2019-09-17;8;12;Metagenomic sequencing of the rumen of c;0,666666667;FALSE;FALSE;bovine
16;DRP005644;Generic sample from human gut metagenome;Metagenomics;Total microbial community DNA was isolated from the fecal samples of Japanese patients who underwent colonoscopy at National Cancer Research Center. The study population contains health, gastrectomy.;small;NA;NA;2;13;Generic sample from human gut metagenome;0,153846154;FALSE;FALSE;human
75;ERP024470;Metagenomic profiles of samples from aquaculture systems;Other;In this study, the antibiotic resistance genes (ARGs) profiles and the microbial community structure of the two typical aquacultures farms were studied by metagenomics approach. Based on the blast results upon structured ARDB, 50 ARGs subtypes belonging to 21 ARGs types were identi?ed in the two farms.;small;In this study, the antibiotic resistance genes (ARGs) profiles and the microbial community structure of the two typical aquacultures farms were studied by metagenomics approach. Based on the blast results upon structured ARDB, 50 ARGs subtypes belonging to 21 ARGs types were identi?ed in the two farms.;ENA-FIRST-PUBLIC: 2017-08-21 || ENA-LAST-UPDATE: 2017-08-11;1;13;Metagenomic profiles of samples from aqu;0,076923077;FALSE;FALSE;unknown
23;DRP007609;Straw decomposition bacterial under different soil fertilities revealed by 13C-DNA-SIP;Metagenomics;Two independent soils, each with low and high soil fertility levels, were used. Then high-abundance 13C-labeled rice straw amended microcosm experiments and DNA stable-isotope probing (DNA-SIP) based shotgun metagenomic sequencing was conducted to reveal the functional profiles of straw-degrading bacterial communities.;small;NA;NA;2;15;Straw decomposition bacterial under diff;0,133333333;FALSE;FALSE;unknown
34;ERP005936;Port Hacking Time Series;Metagenomics;Compare taxonomic and functional composition of coastal marine bacterioplankton over time;small;NA;ENA-FIRST-PUBLIC: 2015-12-31 || ENA-LAST-UPDATE: 2014-05-29;3;15;Port Hacking Time Series;0,2;FALSE;FALSE;unknown
56;ERP014522;Experimental trial using phytase in the diet for broiler;Other;The aim is to verify the impact of the phytase added in the broiler diet on microbial profile of caecum and broiler meat;small;The aim is to verify the impact of the phytase added in the broiler diet on microbial profile of caecum and broiler meat;NA;6;15;Experimental trial using phytase in the ;0,4;FALSE;FALSE;unknown
74;ERP024429;Kwangyang bay ocean microbiome;Other;We performed metagenome sequencing on ocean samples according to salinity and temperature.;small;We performed metagenome sequencing on ocean samples according to salinity and temperature.;ENA-FIRST-PUBLIC: 2017-11-01 || ENA-LAST-UPDATE: 2017-08-09;3;15;Kwangyang bay ocean microbiome;0,2;FALSE;FALSE;unknown
37;ERP008814;Metagenomic sequence data was obtained for multiple sites on three SE Queensland river estuaries (Logan, Maroochydoore and Noosa). The study is looking at the ecological communities in each of these systems, and how they are impacted by pollution and environmental conditions.;Other;Metagenomic sequence data was obtained for multiple sites on three SE Queensland river estuaries (Logan, Maroochydoore and Noosa). The study is looking at the ecological communities in each of these systems, and how they are impacted by pollution and environmental conditions.;small;Metagenomic sequence data was obtained for multiple sites on three SE Queensland river estuaries (Logan, Maroochydoore and Noosa). The study is looking at the ecological communities in each of these systems, and how they are impacted by pollution and environmental conditions.;NA;6;16;Metagenomic sequence data was obtained f;0,375;FALSE;FALSE;unknown
49;ERP013313;Defining the microbial response to colitis through integrated host and microbiome profiling: Replication data set;Transcriptome Analysis;This is a replication study of E-MTAB-3562  ( http://www.ebi.ac.uk/arrayexpress/experiments/E-MTAB-3562/ ) and  complementary transcription profiling data from the mouse hosts have also been deposited at ArrayExpress under accession number E-MTAB-3590 ( http://www.ebi.ac.uk/arrayexpress/experiments/E-MTAB-3590/ );small;This is a replication study of E-MTAB-3562  ( http://www.ebi.ac.uk/arrayexpress/experiments/E-MTAB-3562/ ) and  complementary transcription profiling data from the mouse hosts have also been deposited at ArrayExpress under accession number E-MTAB-3590 ( http://www.ebi.ac.uk/arrayexpress/experiments/E-MTAB-3590/ );ArrayExpress: E-MTAB-4082;5;16;Defining the microbial response to colit;0,3125;FALSE;FALSE;unknown
76;ERP103981;"In the first part of the experiment, naphthalene contaminated surface sediments, where effluent from the coal-tar contaminated groundwater surfaces, were incubated in situ with either 13C-labeled or natural abundance 13C-naphthalene at various dosing regimes. The dosing regimes correspond with 3 doses in a 24 hr timespan; 5 doses in a 72 hr timespan and 8 doses in 8 days. Shotgun metagenome libraries were prepared in triplicate from all 13C-labeled sediments following the enrichment for 13C-labeled DNA. Sediments fed natural abundance 12C-naphthalene were not replicated, but where exposed to the identical handling as DNA extracted from 13C-labeled sediment. In the second part of the experiment, groundwater was sampled from pristine ('upstream') and contaminated monitoring wells ('shallow','mid' and 'deep'). DNA was extracted directly from filters (5L of groundwater per well) and shotgun metagenomes were sequenced. This data corresponds with metaproteomic data from Hanson et al., 2015.";Other;TBA;small;TBA;ENA-FIRST-PUBLIC: 2018-03-01 || ENA-LAST-UPDATE: 2017-12-04;1;16;In the first part of the experiment, nap;0,0625;FALSE;FALSE;unknown
122;ERP116652;Piscine Orthoreovirus 3 Is Not the Causative Pathogen of Proliferative Darkening Syndrome (PDS) of Brown Trout (Salmo trutta fario);Other;The proliferative darkening syndrome (PDS) is a lethal disease of brown trout (Salmo trutta fario) which occurs in several alpine Bavarian limestone rivers. Because mortality can reach 100%, PDS is a serious threat for affected fish populations. Recently, Kuehn and colleagues reported that a high throughput RNA sequencing approach identified a piscine orthoreovirus (PRV) as a causative agent of PDS. We investigated samples from PDS-affected fish obtained from two exposure experiments performed at the river Iller in 2008 and 2009. Using a RT-qPCR and a well-established next-generation RNA sequencing pipeline for pathogen detection, PRV-specific RNA was not detectable in PDS fish from 2009. In contrast, PRV RNA was readily detectable in several organs from diseased fish in 2008. However, similar virus loads were detectable in the control fish which were not exposed to Iller water and did not show any signs of the disease. Therefore, we conclude that PRV is not the causative agent of PDS of brown trout in the rhithral region of alpine Bavarian limestone rivers. The abovementioned study by Kuehn used only samples from the exposure experiment from 2008 and detected a subclinical PRV bystander infection. Work is ongoing to identify the causative agent of PDS.;small;The proliferative darkening syndrome (PDS) is a lethal disease of brown trout (Salmo trutta fario) which occurs in several alpine Bavarian limestone rivers. Because mortality can reach 100%, PDS is a serious threat for affected fish populations. Recently, Kuehn and colleagues reported that a high throughput RNA sequencing approach identified a piscine orthoreovirus (PRV) as a causative agent of PDS. We investigated samples from PDS-affected fish obtained from two exposure experiments performed at the river Iller in 2008 and 2009. Using a RT-qPCR and a well-established next-generation RNA sequencing pipeline for pathogen detection, PRV-specific RNA was not detectable in PDS fish from 2009. In contrast, PRV RNA was readily detectable in several organs from diseased fish in 2008. However, similar virus loads were detectable in the control fish which were not exposed to Iller water and did not show any signs of the disease. Therefore, we conclude that PRV is not the causative agent of PDS of brown trout in the rhithral region of alpine Bavarian limestone rivers. The abovementioned study by Kuehn used only samples from the exposure experiment from 2008 and detected a subclinical PRV bystander infection. Work is ongoing to identify the causative agent of PDS.;ENA-FIRST-PUBLIC: 2019-08-02 || ENA-LAST-UPDATE: 2019-08-02;1;16;Piscine Orthoreovirus 3 Is Not the Causa;0,0625;FALSE;FALSE;unknown
27;DRP007921;High-rate co-treatment of purified terephthalic acid and dimethyl terephthalic acid manufacturing wastewaters by a mesophilic upflow anaerobic sludge blanket reactor and microbial ecology relevant to aromatic compounds degradation;Other;In this study, in order to examine the performance of an upflow anaerobic sludge blanket (UASB) reactor for treating high organic loading purified terephthalic acid/dimethyl terephthalate wastewater, we evaluated the removal characteristics with continuous reactor operation for 518 days. In addition, to elucidate the microbial interactions and metabolic functions in the reactor, we performed 16S rRNA gene sequence and shotgun metagenomic analyses of the granular sludge.;small;NA;NA;1;17;High-rate co-treatment of purified terep;0,058823529;FALSE;FALSE;unknown
38;ERP009124;Metagenomes of Danish EBPR WWTPs;Other;Metagenome sequencing of activated sludge from Danish enhanced biological phosphorus removal wastewater treatment plants.;small;Metagenome sequencing of activated sludge from Danish enhanced biological phosphorus removal wastewater treatment plants.;NA;2;17;Metagenomes of Danish EBPR WWTPs;0,117647059;FALSE;FALSE;unknown
19;DRP006733;Metagenomic analysis of soil microbial consortia in the Japanese agricultural fields;Metagenomics;The aim of this work is to clarify differences in the functional potential of soil microbial consortia depending on location and land use. We collected soil samples of paddy field and cropland from three different locations, Yamagata (north), Tokyo (middle) and Kumamoto (south), respectively. Metagenomic sequences obtained from different samples were applied to MAPLE system to evaluate metabolic and physiological potential and then compared with each other to characterize functional properties.;small;NA;NA;1;18;Metagenomic analysis of soil microbial c;0,055555556;FALSE;FALSE;unknown
22;DRP007519;Marine microbial community in the western North Pacific;Metagenomics;The purpose of this study was to examine the depth distribution of functional genes in seawater columns in the western North Pacific.;small;NA;NA;1;18;Marine microbial community in the wester;0,055555556;FALSE;FALSE;unknown
55;ERP013951;Meta-genomic analysis of toilet waste from long distance flights;Metagenomics;Human populations worldwide are increasingly confronted with infectious diseases and antimicrobial resistance spreading faster and appearing more frequently. Knowledge regarding their occurrence and worldwide transmission is important to control outbreaks and prevent epidemics. Here, we performed shotgun sequencing of toilet waste from 18 international airplanes arriving in Copenhagen, Denmark, from nine cities in three world regions. An average of 18.6?Gb (14.8 to 25.7?Gb) of raw Illumina paired end sequence data was generated, cleaned, trimmed and mapped against reference sequence databases for bacteria and antimicrobial resistance genes. An average of 106,839 (0.06%) reads were assigned to resistance genes with genes encoding resistance to tetracycline, macrolide and beta-lactam resistance genes as the most abundant in all samples. We found significantly higher abundance and diversity of genes encoding antimicrobial resistance, including critical important resistance (e.g. blaCTX-M) carried on airplanes from South Asia compared to North America. Presence of Salmonella enterica and norovirus were also detected in higher amounts from South Asia, whereas Clostridium difficile was most abundant in samples from North America. Our study provides a first step towards a potential novel strategy for global surveillance enabling simultaneous detection of multiple human health threatening genetic elements, infectious agents and resistance genes.;small;Human populations worldwide are increasingly confronted with infectious diseases and antimicrobial resistance spreading faster and appearing more frequently. Knowledge regarding their occurrence and worldwide transmission is important to control outbreaks and prevent epidemics. Here, we performed shotgun sequencing of toilet waste from 18 international airplanes arriving in Copenhagen, Denmark, from nine cities in three world regions. An average of 18.6?Gb (14.8 to 25.7?Gb) of raw Illumina paired end sequence data was generated, cleaned, trimmed and mapped against reference sequence databases for bacteria and antimicrobial resistance genes. An average of 106,839 (0.06%) reads were assigned to resistance genes with genes encoding resistance to tetracycline, macrolide and beta-lactam resistance genes as the most abundant in all samples. We found significantly higher abundance and diversity of genes encoding antimicrobial resistance, including critical important resistance (e.g. blaCTX-M) carried on airplanes from South Asia compared to North America. Presence of Salmonella enterica and norovirus were also detected in higher amounts from South Asia, whereas Clostridium difficile was most abundant in samples from North America. Our study provides a first step towards a potential novel strategy for global surveillance enabling simultaneous detection of multiple human health threatening genetic elements, infectious agents and resistance genes.;NA;11;18;Meta-genomic analysis of toilet waste fr;0,611111111;FALSE;FALSE;human
121;ERP116231;There are 18 ready-to-eat food samples (8 ready-to-eat meat, 7 ready-to-eat vegetables and 3 ready-to-eat fruit) and 6 human faecal samples. The samples were sequenced on the Illumina, NovaSeq PE150.;Other;Ready-to-eat (RTE) foods have been considered to be an important reservoir of AR bacteria, which constitutes a direct threat to human health, but this remains largely unexplored. In this study, we analyse the comprehensive profiles of antibiotic resistome by metagenomic approach in ready-to-eat foods and human faeces, which was never reported before. There are 18 ready-to-eat food samples (8 ready-to-eat meat, 7 ready-to-eat vegetables and 3 ready-to-eat fruit) and 6 human faecal samples. The samples were sequenced on the Illumina, NovaSeq PE150.;small;Ready-to-eat (RTE) foods have been considered to be an important reservoir of AR bacteria, which constitutes a direct threat to human health, but this remains largely unexplored. In this study, we analyse the comprehensive profiles of antibiotic resistome by metagenomic approach in ready-to-eat foods and human faeces, which was never reported before. There are 18 ready-to-eat food samples (8 ready-to-eat meat, 7 ready-to-eat vegetables and 3 ready-to-eat fruit) and 6 human faecal samples. The samples were sequenced on the Illumina, NovaSeq PE150.;ENA-FIRST-PUBLIC: 2020-01-06 || ENA-LAST-UPDATE: 2019-07-10;2;18;There are 18 ready-to-eat food samples (;0,111111111;FALSE;FALSE;human
65;ERP017319;Metatranscriptomic Evidence for Direct Interspecies Electron Transfer Between Geobacter and Methanothrix Species in Rice Paddy Sediments;Other;The possibility that Methanothrix (formerly Methanosaeata) and Geobacter species cooperate via direct interspecies electron transfer (DIET) in terrestrial methanogenic sediments was investigated in rice paddy soils. Genes with high homology to the gene for the PilA monomer of the electrically conductive pili (e-pili) of Geobacter sulfurreducens accounted for over half of the PilA gene sequences in metagenomic libraries and 37% of the mRNA transcripts in RNAseq libraries recovered from the paddy soils.This is significant because e-pili can serve as conduits for DIET. Most of the e-pili genes and transcripts were affiliated with Geobacter species, but sequences most closely related to putative e-pili genes from such genera as Desulfobacterium, Deferribacter, Geoalkalibacter, and Desulfobacula were also detected.  Analysis of metagenomic and metatranscriptomic sequences indicated ca. 20% of the bacterial community was composed of Geobacter-like species and that Geobacter was actively transcribing the gene coding for citrate synthase (gltA), indicating that Geobacter were metabolically active in the soils. Mapping the metatranscriptome to the G. sulfurreducens genome demonstrated that e-pili genes were among the most highly transcribed Geobacter genes. In addition, homologs of genes coding for the c-type cytochrome OmcS, which is associated with the e-pili of G. sulfurreducens and also required for DIET, were also highly expressed in the soils. Methanothrix species in the sediments highly expressed genes for enzymes involved in the reduction of carbon dioxide to methane.  DIET is the only electron donor known to support carbon dioxide reduction in Methanothrix.  Thus, these results are consistent with a model in which Geobacter species were providing electrons to Methanothrix species for methane production through an e-pili electrical connection.;small;The possibility that Methanothrix (formerly Methanosaeata) and Geobacter species cooperate via direct interspecies electron transfer (DIET) in terrestrial methanogenic sediments was investigated in rice paddy soils. Genes with high homology to the gene for the PilA monomer of the electrically conductive pili (e-pili) of Geobacter sulfurreducens accounted for over half of the PilA gene sequences in metagenomic libraries and 37% of the mRNA transcripts in RNAseq libraries recovered from the paddy soils.This is significant because e-pili can serve as conduits for DIET. Most of the e-pili genes and transcripts were affiliated with Geobacter species, but sequences most closely related to putative e-pili genes from such genera as Desulfobacterium, Deferribacter, Geoalkalibacter, and Desulfobacula were also detected.  Analysis of metagenomic and metatranscriptomic sequences indicated ca. 20% of the bacterial community was composed of Geobacter-like species and that Geobacter was actively transcribing the gene coding for citrate synthase (gltA), indicating that Geobacter were metabolically active in the soils. Mapping the metatranscriptome to the G. sulfurreducens genome demonstrated that e-pili genes were among the most highly transcribed Geobacter genes. In addition, homologs of genes coding for the c-type cytochrome OmcS, which is associated with the e-pili of G. sulfurreducens and also required for DIET, were also highly expressed in the soils. Methanothrix species in the sediments highly expressed genes for enzymes involved in the reduction of carbon dioxide to methane.  DIET is the only electron donor known to support carbon dioxide reduction in Methanothrix.  Thus, these results are consistent with a model in which Geobacter species were providing electrons to Methanothrix species for methane production through an e-pili electrical connection.;ENA-FIRST-PUBLIC: 2017-03-17 || ENA-LAST-UPDATE: 2016-09-23;2;19;Metatranscriptomic Evidence for Direct I;0,105263158;FALSE;FALSE;unknown
54;ERP013942;A sampling and metagenomic sequencing-based methodology for monitoring antimicrobial resistance in swine herds;Metagenomics;Reliable methods for monitoring antimicrobial resistance (AMR) in livestock and other reservoirs are essential to understand the trends, transmission and importance of agricultural resistance. Quantification of AMR is mostly done using culture-based techniques, but metagenomic read mapping shows promise for quantitative resistance monitoring. Here, we present a workflow, from sampling to interpretation, showing how resistance monitoring can be carried out in swine herds using a metagenomic approach. We show that metagenomics outperform traditional MIC and CFU counting in terms of predicting expected resistance based on antimicrobial consumption and demonstrate that composite pen floor samples are suited to approximate the in-animal resistomes. Finally, we show the method is sensitive enough to detect subtle differences in antimicrobial-induced resistome changes and can identify genes whose abundances are affected by antimicrobial usage. We propose metagenomic sequencing should be part of routine livestock resistance monitoring programs and potentially of integrated One Health monitoring in all reservoirs.;small;Reliable methods for monitoring antimicrobial resistance (AMR) in livestock and other reservoirs are essential to understand the trends, transmission and importance of agricultural resistance. Quantification of AMR is mostly done using culture-based techniques, but metagenomic read mapping shows promise for quantitative resistance monitoring. Here, we present a workflow, from sampling to interpretation, showing how resistance monitoring can be carried out in swine herds using a metagenomic approach. We show that metagenomics outperform traditional MIC and CFU counting in terms of predicting expected resistance based on antimicrobial consumption and demonstrate that composite pen floor samples are suited to approximate the in-animal resistomes. Finally, we show the method is sensitive enough to detect subtle differences in antimicrobial-induced resistome changes and can identify genes whose abundances are affected by antimicrobial usage. We propose metagenomic sequencing should be part of routine livestock resistance monitoring programs and potentially of integrated One Health monitoring in all reservoirs.;NA;7;20;A sampling and metagenomic sequencing-ba;0,35;FALSE;FALSE;unknown
125;ERP117305;Detection of Norovirus RNA via Nanopore sequencing;Other;"To examine whether Nanopore sequencing can be used for detection of Norovirus GII RNA in complex biological samples, a heavily infected human feces sample was analysed using a PromethION sequencer. Norovirus particles were highly resistant to long term incubation at room temperature and to RNase treatment. Since the amount of polyadenylated RNA was insufficient for direct RNA sequencing, libraries were prepared using the PCR-cDNA protocol. Between 10% and 60% of all Nanopore reads corresponded to Norovirus RNA; however, full-length viral sequences were not detected, probably due to strong secondary structures in the Norovirus template RNA that could not be resolved, even when cDNA synthesis was performed at high temperature. In summary, Nanopore sequencing technology can be successfully used to detect Norovirus GII RNA molecules in complex biological samples. PCR amplification of the input material is still necessary, which prevents the detection of full-length Norovirus RNA molecules. It is expected that these limitations will be resolved in the coming years and that Nanopore sequencing will become more cost-effective and competitive with current qPCR-based methods.";small;"To examine whether Nanopore sequencing can be used for detection of Norovirus GII RNA in complex biological samples, a heavily infected human feces sample was analysed using a PromethION sequencer. Norovirus particles were highly resistant to long term incubation at room temperature and to RNase treatment. Since the amount of polyadenylated RNA was insufficient for direct RNA sequencing, libraries were prepared using the PCR-cDNA protocol. Between 10% and 60% of all Nanopore reads corresponded to Norovirus RNA; however, full-length viral sequences were not detected, probably due to strong secondary structures in the Norovirus template RNA that could not be resolved, even when cDNA synthesis was performed at high temperature. In summary, Nanopore sequencing technology can be successfully used to detect Norovirus GII RNA molecules in complex biological samples. PCR amplification of the input material is still necessary, which prevents the detection of full-length Norovirus RNA molecules. It is expected that these limitations will be resolved in the coming years and that Nanopore sequencing will become more cost-effective and competitive with current qPCR-based methods.";ENA-FIRST-PUBLIC: 2021-01-05 || ENA-LAST-UPDATE: 2019-09-13;1;20;Detection of Norovirus RNA via Nanopore ;0,05;FALSE;FALSE;human
136;ERP121490;Thermus thermophilus DNA can be used as internal control for process monitoring of clinical metagenomic next-generation sequencing of urine samples;Other;IntroductionProcess control for clinical metagenomic next-generation sequencing (mNGS) is not yet widely applied, while technical sources of bias are plentiful.  If mNGS is to be safely used for clinical microbiology diagnostics, potential sources of error or variation in library preparation and sequencing need to be controlled for. AimWe aimed to develop an easy-to-use internal control (IC) method focussing on technical process control of library preparation and sequencing applied to mNGS in clinical microbiology diagnostics.MethodologyDNA of nine urine samples was sequenced on the Ion Torrent Proton and PGM in the absence and presence of Thermus thermophilus DNA as IC in incremental concentrations (0.5-2-5%). Between aliquots of each sample, we compared the IC relative abundance (RA), and after in silico subtraction of IC reads, the microbiota and the RA of pathogens. The proportion of cross-contaminant IC reads was determined by sequencing a replicate the absence of IC. The optimal IC spike-in concentration was defined as the lowest concentration still detectable in all samples with the smallest impact on the microbial community.ResultsThe RA of IC correlated linearly with the spiked IC concentration (r2=0.99). IC added in a concentration of 0.5% of total DNA concentration was detectable in all samples, regardless of human/bacterial composition and after in silico removal gave the smallest difference in RA of pathogens compared to the unspiked aliquot of the sample. Cross-contamination of IC reads was 0.001%. The microbiota of sample aliquots sequenced in the presence and absence of IC was highly similar after in silico removal of IC reads (median BC-dissimilarity per sample of 0.059), provided samples had sufficient bacterial read counts. ConclusionT. thermophilus DNA at a percentage of 0.5% of the total DNA concentration was successfully applied for the process control of mNGS of urine samples. We demonstrated negligible alterations in sample microbial composition after in silico subtraction of IC sequence reads. This approach contributes toward implementation of mNGS in the clinical microbiology laboratory.;small;IntroductionProcess control for clinical metagenomic next-generation sequencing (mNGS) is not yet widely applied, while technical sources of bias are plentiful.  If mNGS is to be safely used for clinical microbiology diagnostics, potential sources of error or variation in library preparation and sequencing need to be controlled for. AimWe aimed to develop an easy-to-use internal control (IC) method focussing on technical process control of library preparation and sequencing applied to mNGS in clinical microbiology diagnostics.MethodologyDNA of nine urine samples was sequenced on the Ion Torrent Proton and PGM in the absence and presence of Thermus thermophilus DNA as IC in incremental concentrations (0.5-2-5%). Between aliquots of each sample, we compared the IC relative abundance (RA), and after in silico subtraction of IC reads, the microbiota and the RA of pathogens. The proportion of cross-contaminant IC reads was determined by sequencing a replicate the absence of IC. The optimal IC spike-in concentration was defined as the lowest concentration still detectable in all samples with the smallest impact on the microbial community.ResultsThe RA of IC correlated linearly with the spiked IC concentration (r2=0.99). IC added in a concentration of 0.5% of total DNA concentration was detectable in all samples, regardless of human/bacterial composition and after in silico removal gave the smallest difference in RA of pathogens compared to the unspiked aliquot of the sample. Cross-contamination of IC reads was 0.001%. The microbiota of sample aliquots sequenced in the presence and absence of IC was highly similar after in silico removal of IC reads (median BC-dissimilarity per sample of 0.059), provided samples had sufficient bacterial read counts. ConclusionT. thermophilus DNA at a percentage of 0.5% of the total DNA concentration was successfully applied for the process control of mNGS of urine samples. We demonstrated negligible alterations in sample microbial composition after in silico subtraction of IC sequence reads. This approach contributes toward implementation of mNGS in the clinical microbiology laboratory.;ENA-FIRST-PUBLIC: 2020-05-01 || ENA-LAST-UPDATE: 2020-05-01;1;20;Thermus thermophilus DNA can be used as ;0,05;FALSE;FALSE;human
161;ERP129320;RNA-Seq data for ecological memory project;Other;Many ecosystems have been shown to retain a memory of past conditions, which in turn affects how they respond to future stimuli. In microbial ecosystems, community disturbance has been associated with lasting impacts on microbiome structure. However, whether microbial communities alter their response to repeated stimulus remains incompletely understood. Using the human gut microbiome as a model, we show that bacterial communities retain an ecological memory of past carbohydrate exposures. Memory of the prebiotic inulin was encoded within a day of supplementation among a cohort of human study participants. Using in vitro gut microbial models, we demonstrated that the strength of ecological memory scales with nutrient dose and persists for days. We found evidence that memory is seeded by transcriptional changes among key microbiome members within hours of nutrient exposure, and that subsequent changes in the activity and abundance of these taxa is sufficient to enhance overall community nutrient metabolism. We also observed that ecological memory of one carbohydrate species impacts microbiome response to other carbohydrates, and we saw that an individual's habitual exposure to dietary fiber was associated with their gut microbiome's efficiency at digesting inulin. In concert, these findings suggest that the human gut microbiome's metabolic potential reflects dietary exposures over preceding days and changes within hours of exposure to a novel nutrient. The dynamics of this ecological memory also highlight the potential for intra-individual microbiome variation to affect the design and interpretation of interventions involving the gut microbiome.;small;Many ecosystems have been shown to retain a memory of past conditions, which in turn affects how they respond to future stimuli. In microbial ecosystems, community disturbance has been associated with lasting impacts on microbiome structure. However, whether microbial communities alter their response to repeated stimulus remains incompletely understood. Using the human gut microbiome as a model, we show that bacterial communities retain an ecological memory of past carbohydrate exposures. Memory of the prebiotic inulin was encoded within a day of supplementation among a cohort of human study participants. Using in vitro gut microbial models, we demonstrated that the strength of ecological memory scales with nutrient dose and persists for days. We found evidence that memory is seeded by transcriptional changes among key microbiome members within hours of nutrient exposure, and that subsequent changes in the activity and abundance of these taxa is sufficient to enhance overall community nutrient metabolism. We also observed that ecological memory of one carbohydrate species impacts microbiome response to other carbohydrates, and we saw that an individual's habitual exposure to dietary fiber was associated with their gut microbiome's efficiency at digesting inulin. In concert, these findings suggest that the human gut microbiome's metabolic potential reflects dietary exposures over preceding days and changes within hours of exposure to a novel nutrient. The dynamics of this ecological memory also highlight the potential for intra-individual microbiome variation to affect the design and interpretation of interventions involving the gut microbiome.;ENA-FIRST-PUBLIC: 2021-07-24 || ENA-LAST-UPDATE: 2021-07-24;1;20;RNA-Seq data for ecological memory proje;0,05;FALSE;FALSE;human
7;DRP004243;Eelgrass sediment microbiome for nitrogen cycle and vitamin B12;Other;We investigate the abundances and community structures of microbiome involving in nitrogen cycle (ammonia oxidization, nitrite oxidization, nitrous oxide reduction) and production of vitamin B12 in eelgrass sediments.;small;NA;NA;1;21;Eelgrass sediment microbiome for nitroge;0,047619048;FALSE;FALSE;unknown
40;ERP009310;Bariatric surgery induces long-term changes on the gut metagenome contributing to fat mass regulation;Other;Bariatric surgery is the most effective procedure for the treatment of obesity. Given the role of the gut microbiota in regulating host metabolism and adiposity, we investigated the long-term effects of bariatric surgery on the human gut metagenome in patients randomized to Roux-en-Y gastric bypass and vertical banded gastroplasty. Genera of the Proteobacteria were specifically enriched after bypass, and the abundance of genes for fatty acid metabolism, nitrogen metabolism and two-component systems was increased after both procedures nine years after surgery. Through colonization of germ-free mice with stools from the patients we demonstrated that the altered gut microbiota promoted reduced fat deposition in recipient mice. Recipients of bypass microbiota also had a lower respiratory quotient, indicating decreased utilization of carbohydrates as fuel. Our results suggest that the gut microbiota may play a direct role in the reduction of adiposity observed after bariatric surgery.;small;Bariatric surgery is the most effective procedure for the treatment of obesity. Given the role of the gut microbiota in regulating host metabolism and adiposity, we investigated the long-term effects of bariatric surgery on the human gut metagenome in patients randomized to Roux-en-Y gastric bypass and vertical banded gastroplasty. Genera of the Proteobacteria were specifically enriched after bypass, and the abundance of genes for fatty acid metabolism, nitrogen metabolism and two-component systems was increased after both procedures nine years after surgery. Through colonization of germ-free mice with stools from the patients we demonstrated that the altered gut microbiota promoted reduced fat deposition in recipient mice. Recipients of bypass microbiota also had a lower respiratory quotient, indicating decreased utilization of carbohydrates as fuel. Our results suggest that the gut microbiota may play a direct role in the reduction of adiposity observed after bariatric surgery.;NA;1;21;Bariatric surgery induces long-term chan;0,047619048;FALSE;FALSE;human
138;ERP122111;Metagenomics of Whalers Bay - Deception Island, Marine Antarctic;Other;Whalers Bay (WB), Deception Island, is an environment that can drastically change its temperature within a few meters. The main organisms inhabiting this environment are bacteria, which, due to the high diversity and their adaptive potential, can survive and thrive under harsh stress conditions. However, the genetic potential and mechanisms to cope with fluctuating adverse conditions as well as what extent environmental variations shape the microbial community over the years it is still unknown in Antarctic environments. In this work, sediments collected in a transect in Whalers Bay, Deception Island, during the expeditions of 2014, 2015 and 2017 summers were analyzed using shotgun metagenomics. Sequence data were further processed with the SqueezeMeta tool for assembly, gene prediction, mapping, taxonomic and functional annotations. Results showed that stress-related functions had the influence of temperatures and solar radiation observed in the years of 2015 and 2017. The most differentiated functions were the ones related to oxidative stress, comparing 2014 vs 2015 and 2014 vs 2017. The genes coding for HSP20 and oxidoreductases (nrdH, grxA, korC and korD), as well as the genes clpE, cspL, and operons mtrAB and vicKR, were differentially enriched between the years, most of them found in gram-positive bacteria. The selective pressures of temperature and radiation may have favored the growth of gram-positive bacteria in 2017, with emphasis on Arthrobacter genus. We conclude that temperature and solar radiation could potentially be the primary driving forces shaping the repertoire of stress-response genes for the maintenance of microbial diversity in WB Antarctic sediments.;small;Whalers Bay (WB), Deception Island, is an environment that can drastically change its temperature within a few meters. The main organisms inhabiting this environment are bacteria, which, due to the high diversity and their adaptive potential, can survive and thrive under harsh stress conditions. However, the genetic potential and mechanisms to cope with fluctuating adverse conditions as well as what extent environmental variations shape the microbial community over the years it is still unknown in Antarctic environments. In this work, sediments collected in a transect in Whalers Bay, Deception Island, during the expeditions of 2014, 2015 and 2017 summers were analyzed using shotgun metagenomics. Sequence data were further processed with the SqueezeMeta tool for assembly, gene prediction, mapping, taxonomic and functional annotations. Results showed that stress-related functions had the influence of temperatures and solar radiation observed in the years of 2015 and 2017. The most differentiated functions were the ones related to oxidative stress, comparing 2014 vs 2015 and 2014 vs 2017. The genes coding for HSP20 and oxidoreductases (nrdH, grxA, korC and korD), as well as the genes clpE, cspL, and operons mtrAB and vicKR, were differentially enriched between the years, most of them found in gram-positive bacteria. The selective pressures of temperature and radiation may have favored the growth of gram-positive bacteria in 2017, with emphasis on Arthrobacter genus. We conclude that temperature and solar radiation could potentially be the primary driving forces shaping the repertoire of stress-response genes for the maintenance of microbial diversity in WB Antarctic sediments.;Metagenomic Whalers Bay Deception Island: Metagenomic || ENA-FIRST-PUBLIC: 2020-08-02 || ENA-LAST-UPDATE: 2020-06-03;2;21;Metagenomics of Whalers Bay - Deception ;0,095238095;FALSE;FALSE;unknown
95;ERP109776;Administration of Clostridium butyricum Miyairi 588 Diversified Gut Microbiota and Enhanced Glycan Degrading Abilities among Patients of Small Bowel Transplantation;Other;Probiotics have been found beneficial under many clinical circumstances.  Nevertheless few researches have ever addressed the effects of these special microbes among patients of small bowel transplantation (SBT).  In this study we had SBT recipients take Clostridium butyricum Miyairi 588 (CBM588) for one month.  Stool samples were collected at before, 1-week, and 1-month after administrations.  16S-based amplicons were subjected to next-generation sequencing for phylogenetic profiling.  We found significant shifts of bacteria compositions after one month.  Apparent ones included the decrease of Proteobacteria at the phylum level and Enterobacteriaceae at the family level.  Functional inference with 16S-based microbiome extrapolations suggested significant enhancement of glycan-degrading capabilities with CBM588 ingestions.  Metagenomes from shot-gun sequencing confirmed the conjecture, showing both diversified capabilities and increased quantities of carbohydrate-active proteins.  The improvements spread beyond the enzyme categories directly offered by the CBM588 genome.  In sum, we offered analytical results of stool microbiota from SBT patients taking CBM588 for one month.  Clinical safety and beneficial effects were demonstrated at perspectives of both microbe compositions and metagenome functions.  CBM588-enhanced carbohydrate-processing capabilities well exemplified a metabolic driver potential of probiotics upon the bacteria ecosystem in human bowels.;small;Probiotics have been found beneficial under many clinical circumstances.  Nevertheless few researches have ever addressed the effects of these special microbes among patients of small bowel transplantation (SBT).  In this study we had SBT recipients take Clostridium butyricum Miyairi 588 (CBM588) for one month.  Stool samples were collected at before, 1-week, and 1-month after administrations.  16S-based amplicons were subjected to next-generation sequencing for phylogenetic profiling.  We found significant shifts of bacteria compositions after one month.  Apparent ones included the decrease of Proteobacteria at the phylum level and Enterobacteriaceae at the family level.  Functional inference with 16S-based microbiome extrapolations suggested significant enhancement of glycan-degrading capabilities with CBM588 ingestions.  Metagenomes from shot-gun sequencing confirmed the conjecture, showing both diversified capabilities and increased quantities of carbohydrate-active proteins.  The improvements spread beyond the enzyme categories directly offered by the CBM588 genome.  In sum, we offered analytical results of stool microbiota from SBT patients taking CBM588 for one month.  Clinical safety and beneficial effects were demonstrated at perspectives of both microbe compositions and metagenome functions.  CBM588-enhanced carbohydrate-processing capabilities well exemplified a metabolic driver potential of probiotics upon the bacteria ecosystem in human bowels.;ENA-FIRST-PUBLIC: 2020-07-07 || ENA-LAST-UPDATE: 2018-07-08;2;22;Administration of Clostridium butyricum ;0,090909091;FALSE;FALSE;human
126;ERP117360;Atlantic Ocean Metagenomes;Metagenomics;22 environmental metagenomic surface water (20 m depth) samples from two transects to the Southern and Atlantic Ocean (RV Polarstern ANT-XXVIII/4 and ANT-XXVIII/5 in 2012). Samples were filtered on 0.2µm polycarbonate filters and stored at -80°C until extraction and sequencing unsing an Illumina HiSeq 25002500.;small;NA;ENA-FIRST-PUBLIC: 2021-06-30 || ENA-LAST-UPDATE: 2021-06-30;2;22;Atlantic Ocean Metagenomes;0,090909091;FALSE;FALSE;unknown
81;ERP105158;Coral virome and metagenome of Porites lutea;Other;"The Great Barrier Reef and Red Sea Sequencing Project Abstract:The Reef Future Genomics 2020 (ReFuGe) consortium are generating a large ""omic"" framework dataset for corals, their algal symbionts and associated microbes and viruses from the Great Barrier Reef and the Red Sea. This genomic reference data will be used to drive research into the capacity of corals to cope with stress and adapt; the role of symbiotic algae and bacteria in coral health, the role of particular genes and how these genes move across populations of corals and ultimately to improve the management and resilience of the coral reef ecosystem. The consortium will be generating reference genomic and transcriptomic data for ten corals species, their associated bacterial and viral communities and three strains of their endosymbiotic algae. More information regarding this initiative, including the priority species for sequencing can be found at the Great Barrier Reef Foundation website:(https://www.barrierreef.org/uploads/Sea-quence%20Fact%20Sheet.pdf)";small;"The Great Barrier Reef and Red Sea Sequencing Project Abstract:The Reef Future Genomics 2020 (ReFuGe) consortium are generating a large ""omic"" framework dataset for corals, their algal symbionts and associated microbes and viruses from the Great Barrier Reef and the Red Sea. This genomic reference data will be used to drive research into the capacity of corals to cope with stress and adapt; the role of symbiotic algae and bacteria in coral health, the role of particular genes and how these genes move across populations of corals and ultimately to improve the management and resilience of the coral reef ecosystem. The consortium will be generating reference genomic and transcriptomic data for ten corals species, their associated bacterial and viral communities and three strains of their endosymbiotic algae. More information regarding this initiative, including the priority species for sequencing can be found at the Great Barrier Reef Foundation website:(https://www.barrierreef.org/uploads/Sea-quence%20Fact%20Sheet.pdf)";ENA-FIRST-PUBLIC: 2018-01-10 || ENA-LAST-UPDATE: 2018-01-04;1;23;Coral virome and metagenome of Porites l;0,043478261;FALSE;FALSE;unknown
60;ERP016024;Oral microbiome samples from the Philippines;Other;Metagenomic sequencing of saliva samples from individuals with hunter-gatherer or agriculturalist lifestyles from locations in the Philippines.;small;Metagenomic sequencing of saliva samples from individuals with hunter-gatherer or agriculturalist lifestyles from locations in the Philippines.;oral microbiome || ENA-FIRST-PUBLIC: 2017-11-15 || ENA-LAST-UPDATE: 2016-06-13;1;24;Oral microbiome samples from the Philipp;0,041666667;FALSE;FALSE;unknown
72;ERP023840;We studied the effect of different zinc sources on the intestinal microbiome in weaned pigs;Other;NA;small;We studied the effect of different zinc sources on the intestinal microbiome in weaned pigs;ENA-FIRST-PUBLIC: 2019-06-27 || ENA-LAST-UPDATE: 2017-06-28;8;24;We studied the effect of different zinc ;0,333333333;FALSE;FALSE;unknown
104;ERP110957;Evaluating Metagenomic Prediction of the Metaproteome in a 4.5 Year Study of a Crohn's Patient;Metagenomics;Although genetic approaches are the standard in microbiome analysis, proteome-level information is largely absent. This discrepancy warrants a better understanding of the relationship between gene copy number and protein abundance, as this is crucial information for inferring protein level changes from metagenomic data. As it remains unknown how metaproteomic systems evolve during dynamic disease states, we leveraged a 4.5-year fecal time series of a single patient with colonic Crohn's disease. Utilizing multiplexed quantitative proteomics and shotgun metagenomic sequencing, we quantified over 29,000 protein groups and 110,000 genes and compare them to five protein biomarkers of disease activity. Results indicate that many broad-scale observations were consistent between data types, including overall clustering by Principal Coordinates Analysis and fluctuations in Gene Ontology terms related to Crohn's disease. Through linear regression, we determined genes and proteins fluctuating in conjunction with inflammatory metrics. We discovered many conserved taxonomic differences relevant to Crohn's disease including a negative association of Faecalibacterium and a positive association of Escherichia to Calprotectin. Despite concordant genera associations, the specific genes correlated with these metrics were drastically different between metagenomic and metaproteomic datasets. This resulted in the generation of unique functional interpretations dependent on the data type, and metaproteome data provided new evidence for previously investigated mechanisms of dysbiosis. One such example was a connection between urease enzymes, amino acid metabolism and local inflammation. This proof-of-concept approach prompts further investigation of the metaproteome and its relations to the metagenome in biologically complex systems such as the microbiome.;small;NA;ENA-FIRST-PUBLIC: 2018-09-28 || ENA-LAST-UPDATE: 2018-09-20;3;24;Evaluating Metagenomic Prediction of the;0,125;FALSE;FALSE;human
105;ERP111072;Resistflow-INF-DNA data;Metagenomics;Ju F, Beck K, Yin X, McArdell Christa, Singer H, Johnson D, Zhang T, Buergmann H *. 2018. Wastewater treatment plant resistomes are shaped by bacterial composition, genetic exchange and up-regulated expression in the effluent. The ISME Journal (in press);small;NA;BROKER_OBJECT_ID: mgp19765 || BROKER_CUSTOMER_NAME: Helmut Buergmann || submitter_name: Feng Ju || PI_email: helmut.buergmann@eawag.ch || PI_organization: eawag || project_name: Resistflow-INF-DNA data || organization_url: http://www.wias.org.cn/english-index.html || PI_organization_country: Switzerland || PI_organization_address: Seestrasse 79, 6047 Kastanienbaum || envo_release: 2013-04-27 || organization: Westlake University || mgrast_id: mgp19765 || project_description: Ju F, Beck K, Yin X, McArdell Christa, Singer H, Johnson D, Zhang T, Buergmann H *. 2018. Wastewater treatment plant resistomes are shaped by bacterial composition, genetic exchange and up-regulated expression in the effluent. The ISME Journal (in press) || ENA-FIRST-PUBLIC: 2018-10-10 || ENA-LAST-UPDATE: 2018-09-27;1;24;Resistflow-INF-DNA data;0,041666667;FALSE;FALSE;unknown
120;ERP116122;Metagenomics of chicken cecal contents from fast and slower growing birds;Other;We sequenced DNA from cecal contents samples taken from 24 chickens belonging to either a fast or slower growing breed consuming either a vegetable-only diet or a diet containing fish meal. We utilised 1.6T of Illumina data to construct 469 draft metagenome-assembled bacterial genomes, including 460 novel strains, 283 novel species and 42 novel genera.;small;We sequenced DNA from cecal contents samples taken from 24 chickens belonging to either a fast or slower growing breed consuming either a vegetable-only diet or a diet containing fish meal. We utilised 1.6T of Illumina data to construct 469 draft metagenome-assembled bacterial genomes, including 460 novel strains, 283 novel species and 42 novel genera.;ENA-FIRST-PUBLIC: 2019-07-11 || ENA-LAST-UPDATE: 2019-07-04;18;24;Metagenomics of chicken cecal contents f;0,75;FALSE;FALSE;unknown
79;ERP104610;Gut microbiome impacts response to PD-1 immunotherapy in melanoma patients;Other;Pre-clinical mouse models have suggested that the gut microbiome modulates tumor response to checkpoint blockade immunotherapy, however this has not been well-characterized in human cancer patients. Here we examined the oral and gut microbiome of melanoma patients undergoing PD-1 blockade immunotherapy (n=112). Significant differences were observed in the diversity and composition of the patient gut microbiome of responders (R) versus non-responders (NR). Analysis of patient fecal microbiome samples (n=43, 30R, 13NR) showed significantly higher alpha diversity (p<0.01) and relative abundance of Ruminococcaceae bacteria (p<0.01) in R. Metagenomic studies revealed functional differences in gut bacteria in R including enrichment of anabolic pathways. Immune profiling found enhanced systemic and anti-tumor immunity in responding patients with a favorable gut microbiome, as well as in germ-free mice receiving fecal transplants from responding patients. Together, these data have important implications for treatment with immune checkpoint blockade in melanoma.;small;Pre-clinical mouse models have suggested that the gut microbiome modulates tumor response to checkpoint blockade immunotherapy, however this has not been well-characterized in human cancer patients. Here we examined the oral and gut microbiome of melanoma patients undergoing PD-1 blockade immunotherapy (n=112). Significant differences were observed in the diversity and composition of the patient gut microbiome of responders (R) versus non-responders (NR). Analysis of patient fecal microbiome samples (n=43, 30R, 13NR) showed significantly higher alpha diversity (p<0.01) and relative abundance of Ruminococcaceae bacteria (p<0.01) in R. Metagenomic studies revealed functional differences in gut bacteria in R including enrichment of anabolic pathways. Immune profiling found enhanced systemic and anti-tumor immunity in responding patients with a favorable gut microbiome, as well as in germ-free mice receiving fecal transplants from responding patients. Together, these data have important implications for treatment with immune checkpoint blockade in melanoma.;10.1126/science.aan4236: DOI || ENA-FIRST-PUBLIC: 2017-11-06 || ENA-LAST-UPDATE: 2017-11-06;1;25;Gut microbiome impacts response to PD-1 ;0,04;FALSE;FALSE;human
35;ERP005952;Gladstone Shading Experiment;Metagenomics;Effect of dredging on taxonomic and functional diversity of microbes in sediments;small;NA;ENA-FIRST-PUBLIC: 2015-12-31 || ENA-LAST-UPDATE: 2014-06-02;3;26;Gladstone Shading Experiment;0,115384615;FALSE;FALSE;unknown
25;DRP007860;Gut microbe of Japanese macaques in the highland and lowland Yakushima;Other;Compare the community composition and the function of the gut microbe of Japanese macaques in Yakushima, southern Japan.;small;Compare the community composition and the function of the gut microbe of Japanese macaques in Yakushima, southern Japan.;NA;9;27;Gut microbe of Japanese macaques in the ;0,333333333;FALSE;FALSE;unknown
68;ERP019800;Metagenomic shotgun sequences of human gut microbiota;Other;Metagenomic shotgun sequences of Korean gut microbiota was sequenced using a HiSeq 2500  platform.;small;Metagenomic shotgun sequences of Korean gut microbiota was sequenced using a HiSeq 2500  platform.;ENA-FIRST-PUBLIC: 2017-10-31 || ENA-LAST-UPDATE: 2016-11-15;11;27;Metagenomic shotgun sequences of human g;0,407407407;FALSE;FALSE;unknown
69;ERP021378;Analysis of stool samples from sickle cell disease patients and healthy controls;Other;NA;small;Analysis of stool samples from sickle cell disease patients and healthy controls;ENA-FIRST-PUBLIC: 2017-12-01 || ENA-LAST-UPDATE: 2017-02-08;1;28;Analysis of stool samples from sickle ce;0,035714286;FALSE;FALSE;unknown
96;ERP110050;Six-week endurance exercise alters gut metagenome that is not reflected in systemic metabolism in over-weight women;Other;Recent studies suggest that exercise alters the gut microbiome. We determined whether six-week endurance exercise, without changing diet, affected the gut metagenome and systemic metabolites of overweight women. Previously sedentary overweight women (n=19) underwent athe six-week endurance exercise intervention, but two were excluded due to antibiotic therapy. The gut microbiota composition and functions were analyzed by 16S rRNA gene amplicon sequencing and metagenomics. Body composition was analyzed with DXA X-ray densitometer and serum metabolomics with NMR metabolomics. Total energy and energy-yielding nutrient intakes were analyzed from food records using Micro-Nutrica software. Serum clinical variables were determined with KONELAB instrument. Soluble Vascular Adhesion Protein 1 (VAP-1) was measured with ELISA and its' enzymatic activity as produced hydrogen peroxide. The exercise intervention was effective, as maximal power and maximum rate of oxygen consumption increased while android fat mass decreased. No changes in diet were observed. Metagenomic analysis revealed taxonomic shifts including an increase in Akkermansia and a decrease in Proteobacteria. These changes were independent of age, weight, fat % as well as energy and fibre intake. Exercise slightly increased Jaccard distance of genus level ß-diversity. Exercise did not alter the enriched metagenomic pathways, which, according to Bray Curtis dissimilarity analysis, may have beenwas due to that only half of the subjectssubjects' microbiomes responded considerably to exercise. Nevertheless, exercise decreased the abundance of several genes including those related to fructose and amino acid metabolism. These metagenomic changes, however, were not translated into major systemic metabolic changes as only two metabolites, phospholipids and cholesterol in large VLDL particles, decreased after exercise. Exercise also decreased the amine oxidase activity of pro-inflammatory VAP-1, whereas no changes in CRP were detected. All clinical blood variables were within normal range, yet exercise slightly increased glucose and LDL levels, and decreased HDL.In conclusion, exercise modified the gut microbiome without greatly affecting systemic metabolites or body composition. Based on our data and existing literature, we propose that especially Akkermansia and Proteobacteria are exercise-responsive taxa. Our results warrant the need for further studies in larger cohorts to determine whether exercise types other than endurance exercise also modify the gut metagenome.;Good;Recent studies suggest that exercise alters the gut microbiome. We determined whether six-week endurance exercise, without changing diet, affected the gut metagenome and systemic metabolites of overweight women. Previously sedentary overweight women (n=19) underwent athe six-week endurance exercise intervention, but two were excluded due to antibiotic therapy. The gut microbiota composition and functions were analyzed by 16S rRNA gene amplicon sequencing and metagenomics. Body composition was analyzed with DXA X-ray densitometer and serum metabolomics with NMR metabolomics. Total energy and energy-yielding nutrient intakes were analyzed from food records using Micro-Nutrica software. Serum clinical variables were determined with KONELAB instrument. Soluble Vascular Adhesion Protein 1 (VAP-1) was measured with ELISA and its' enzymatic activity as produced hydrogen peroxide. The exercise intervention was effective, as maximal power and maximum rate of oxygen consumption increased while android fat mass decreased. No changes in diet were observed. Metagenomic analysis revealed taxonomic shifts including an increase in Akkermansia and a decrease in Proteobacteria. These changes were independent of age, weight, fat % as well as energy and fibre intake. Exercise slightly increased Jaccard distance of genus level ß-diversity. Exercise did not alter the enriched metagenomic pathways, which, according to Bray Curtis dissimilarity analysis, may have beenwas due to that only half of the subjectssubjects' microbiomes responded considerably to exercise. Nevertheless, exercise decreased the abundance of several genes including those related to fructose and amino acid metabolism. These metagenomic changes, however, were not translated into major systemic metabolic changes as only two metabolites, phospholipids and cholesterol in large VLDL particles, decreased after exercise. Exercise also decreased the amine oxidase activity of pro-inflammatory VAP-1, whereas no changes in CRP were detected. All clinical blood variables were within normal range, yet exercise slightly increased glucose and LDL levels, and decreased HDL.In conclusion, exercise modified the gut microbiome without greatly affecting systemic metabolites or body composition. Based on our data and existing literature, we propose that especially Akkermansia and Proteobacteria are exercise-responsive taxa. Our results warrant the need for further studies in larger cohorts to determine whether exercise types other than endurance exercise also modify the gut metagenome.;ENA-FIRST-PUBLIC: 2019-03-13 || ENA-LAST-UPDATE: 2018-07-25;2;30;Six-week endurance exercise alters gut m;0,066666667;FALSE;FALSE;bovine
151;ERP125332;Metagenome analysis of different agricultural soils, a wastewater treatment plant (wastewater, sewage sludge, treated wastewater)and private households (washing machines, dishwashers, shower drains) of the same geographical region was performed.;Other;The use of antibiotics in the clinic, humans and animals results in a release of access antibiotic residues into the environment through wastewaters and insufficient removal in wastewater treatment plants (WWTPs). This can lead to the development of antibiotic resistance through increasing bacteria enriched in antibiotic resistance genes (ARGs). However, the knowledge on the potential transfer of ARGs and their host bacteria between different environments remains largely unexplored. We sampled agricultural soils, a WWTP, dishwashers, washing machines and shower drains in the same geographical region and performed metagenomic analyses to evaluate differences and potential overlaps in bacterial communities and the resistome of different environments. Wastewater samples revealed significantly higher richness of ARGs (n=40) and mobile genetic elements (n=52) than soil and household samples. Bacterial communities differed between the environments with pronounced differences between sub-environments of WWTP and household samples. Moreover, antibiotic resistance factors clustered distinctly as well, revealing no correlation between the different environments. Overall, only few overlaps of ARGs between the environments were observed, leading to the conclusion that antibiotic resistances predominantly develop in individual environments as caused by environmental filtering for ARGs, while a transfer between the different environments is less likely.;;The use of antibiotics in the clinic, humans and animals results in a release of access antibiotic residues into the environment through wastewaters and insufficient removal in wastewater treatment plants (WWTPs). This can lead to the development of antibiotic resistance through increasing bacteria enriched in antibiotic resistance genes (ARGs). However, the knowledge on the potential transfer of ARGs and their host bacteria between different environments remains largely unexplored. We sampled agricultural soils, a WWTP, dishwashers, washing machines and shower drains in the same geographical region and performed metagenomic analyses to evaluate differences and potential overlaps in bacterial communities and the resistome of different environments. Wastewater samples revealed significantly higher richness of ARGs (n=40) and mobile genetic elements (n=52) than soil and household samples. Bacterial communities differed between the environments with pronounced differences between sub-environments of WWTP and household samples. Moreover, antibiotic resistance factors clustered distinctly as well, revealing no correlation between the different environments. Overall, only few overlaps of ARGs between the environments were observed, leading to the conclusion that antibiotic resistances predominantly develop in individual environments as caused by environmental filtering for ARGs, while a transfer between the different environments is less likely.;ENA-FIRST-PUBLIC: 2020-11-29 || ENA-LAST-UPDATE: 2020-11-26;1;31;Metagenome analysis of different agricul;0,032258065;FALSE;FALSE;human
13;DRP005417;Comparison of sequencing bias for library preparation kit;Other;In this study, sequencing biases in bacterial genome sequencing introduced by currently available library preparation kits for Illumina sequencer were compared. Furthermore, we investigated whether metagenomic sequencing which include many unknown species represent true relative abundance of a community.;Bad;NA;NA;1;34;Comparison of sequencing bias for librar;0,029411765;FALSE;FALSE;unknown
112;ERP114564;Structure and function of picoplankton and virus communities along zonal gradients in the South Pacific Ocean;Other;Picoplankton (0.2-2.7 µm fraction) and virus (<0.22 µm fraction) samples were obtained on the BiG-RAPA (Biogeochemical Gradients Role in Arranging Planktonic Assemblages) expedition in the late austral spring of 2010. Additional samples obtained during this expedition include whole community biomass (>0.22 µm fraction) samples that profile a deep (150 m) subsurface chlorophyll maximum in the South Pacific Gyre. High throughput, short read, shotgun sequencing was used to produce metagenomic data from the extracted DNA of these samples. These data enable the assessment of how picoplankton and viral populations are structured along strong physical and chemical gradients on a zonal transect from the upwelling along the western coast of South America to the oligotrophic gyre in the South Pacific.;Bad;Picoplankton (0.2-2.7 µm fraction) and virus (<0.22 µm fraction) samples were obtained on the BiG-RAPA (Biogeochemical Gradients Role in Arranging Planktonic Assemblages) expedition in the late austral spring of 2010. Additional samples obtained during this expedition include whole community biomass (>0.22 µm fraction) samples that profile a deep (150 m) subsurface chlorophyll maximum in the South Pacific Gyre. High throughput, short read, shotgun sequencing was used to produce metagenomic data from the extracted DNA of these samples. These data enable the assessment of how picoplankton and viral populations are structured along strong physical and chemical gradients on a zonal transect from the upwelling along the western coast of South America to the oligotrophic gyre in the South Pacific.;ENA-FIRST-PUBLIC: 2019-10-22 || ENA-LAST-UPDATE: 2019-03-29;2;35;Structure and function of picoplankton a;0,057142857;FALSE;FALSE;unknown
24;DRP007710;Shotgun metagenomics of fecal bacterial consortium inhabiting healthy Asian children;Metagenomics;Recent development in intestinal microbiology has revealed crucial functions of gut microbiota as interface between diet and health and the question has arisen how diet modulates gut microbial community. In this context, Asia is an interesting association of cohorts with their own food habit unique to each country or region. To investigate the correlation among diet, health, and gut microbiota, Asian Microbiome Project (AMP) has been established with ten countries and Phase I study was already performed by focusing on children gut microbiota, which were expected to more depend on regional food compared to adult. Their microbiota has been analyzed based on 16S rRNA gene sequencing. As a result, we have found two distinctive enterotypes, Bifidobacterium/Bacteroides (BB) enterotype and Prevotella (P) enterotype in these Asian population, as well as local differences unique to each country or region. BB-enterotype was enriched in temperate countries, such as Japan and China, while P-enterotype was frequent in tropical countries. In conjunction with dietary survey, it is suspected that these difference may be a reflection of their dietary habit. To correlate the function of their gut microbial community with diet input, we performed shotgun metagenomic sequencing of those microbial community and gained overview on consortium of functional genes, e.g., network of anabolic and catabolic pathway enriched in each food-oriented enterotype or biosynthesis of beneficial or non-benefical compounds, such as vitamins or secondary bile acids.;Good;NA;NA;10;36;Shotgun metagenomics of fecal bacterial ;0,277777778;FALSE;FALSE;human
30;ERP002391;This is a metagenomic study to investigate the microbial community and metabolic functions of Korean twin pairs.;Metagenomics;This is a metagenomic study to investigate the microbial community and metabolic functions of Korean twin pairs. Fecal samples from 10 twin pairs were collected once and those of 8 pairs were collected twice with an average interval between sampling of about 2 years. Whole genome shotgun (WGS) sequencing was performed in a total of 36 fecal samples.;Good;This is a metagenomic study to investigate the microbial community and metabolic functions of Korean twin pairs. Fecal samples from 10 twin pairs were collected once and those of 8 pairs were collected twice with an average interval between sampling of about 2 years. Whole genome shotgun (WGS) sequencing was performed in a total of 36 fecal samples.;NA;7;36;This is a metagenomic study to investiga;0,194444444;TRUE;FALSE;human
12;DRP005367;Gut metagenome in cardiovascular diseases;Metagenomics;The gut microbiota has been linked to cardiovascular diseases. This study investigated the compositional and functional capacity of the gut microbiome in relation to cardiovascular diseases. We perform a metagenome-wide association study on stools from individuals with and without cardiovascular diseases.;Good - other disease;NA;NA;12;40;Gut metagenome in cardiovascular disease;0,3;FALSE;FALSE;unknown
85;ERP105797;Further Effects of preservation and storage conditions on the fecal microbiome;Other;This study tests the effects of using commonly used preservation methods and storage conditions (temperature manipulations) over the course of 8 weeks on the fecal microbial community.;Bad;NA;ENA-FIRST-PUBLIC: 2017-12-18 || ENA-LAST-UPDATE: 2017-12-18;3;40;Further Effects of preservation and stor;0,075;FALSE;FALSE;unknown
117;ERP115515;Distinct microbiome composition and metabolome exists across subgroups of elite Irish athletes irrespective of diet;Other;The gut microbiome has begun to be characterised in athlete groups, albeit, to date, only across a subset of sports. This study aimed to determine if the gut microbiome and metabolome differed across sports classification groups among elite Irish athletes, many of whom were participating in the 2016 Summer Olympics. Faecal and urine samples were collected from 37 international level athletes. Faecal samples were prepared for shotgun metagenomic sequencing and faecal and urine samples underwent metabolomic profiling. Dietary intake data was collected using food frequency questionnaires and translated into daily intakes using FETA (Food Frequency Questionnaire European Prospective Investigation into Cancer and Nutrition Tool for Analysis).  Differences were observed in the composition and functional capacity of the gut microbiome of athletes across sports groups that were distinguished on the basis of the level of dynamic and static components. The microbiomes of athletes participating in sports with a high dynamic component were found to be most distinct compositionally, while those of athletes participating in sports with high dynamic and static components were the most functionally distinct. Additionally, both microbial (faecal) and human (urine) derived metabolites were found to vary between sports classification groups. In particular cis-aconitate, succinic acid and lactate, in urine samples, and creatinine, in faeces, were found to be significantly different between groups. These differences were evident despite the absence of significant differences in diet. Differences in the gut microbiome and metabolome between groups, in the absence of dietary changes, indicate a role for training load or type as a contributory factor. Further exploration of this hypothesis has the potential to benefit athletes, aspiring athletes and the general public.;Good;The gut microbiome has begun to be characterised in athlete groups, albeit, to date, only across a subset of sports. This study aimed to determine if the gut microbiome and metabolome differed across sports classification groups among elite Irish athletes, many of whom were participating in the 2016 Summer Olympics. Faecal and urine samples were collected from 37 international level athletes. Faecal samples were prepared for shotgun metagenomic sequencing and faecal and urine samples underwent metabolomic profiling. Dietary intake data was collected using food frequency questionnaires and translated into daily intakes using FETA (Food Frequency Questionnaire European Prospective Investigation into Cancer and Nutrition Tool for Analysis).  Differences were observed in the composition and functional capacity of the gut microbiome of athletes across sports groups that were distinguished on the basis of the level of dynamic and static components. The microbiomes of athletes participating in sports with a high dynamic component were found to be most distinct compositionally, while those of athletes participating in sports with high dynamic and static components were the most functionally distinct. Additionally, both microbial (faecal) and human (urine) derived metabolites were found to vary between sports classification groups. In particular cis-aconitate, succinic acid and lactate, in urine samples, and creatinine, in faeces, were found to be significantly different between groups. These differences were evident despite the absence of significant differences in diet. Differences in the gut microbiome and metabolome between groups, in the absence of dietary changes, indicate a role for training load or type as a contributory factor. Further exploration of this hypothesis has the potential to benefit athletes, aspiring athletes and the general public.;ENA-FIRST-PUBLIC: 2019-08-01 || ENA-LAST-UPDATE: 2019-05-29;2;40;Distinct microbiome composition and meta;0,05;FALSE;FALSE;human
160;ERP128063;Evaluating the usefulness of next-generation sequencing for herb authentication;Other;Food authentication is a rapidly growing field driven by increasing public awareness of food quality and safety. Foods containing herbs are particularly prone to industrial fraud and adulteration. Several methodologies are currently used to evaluate food authenticity, but recently increased focus has been on DNA technologies, with DNA barcoding the most widely used. DNA barcoding is based on the sequencing and comparison of orthologous DNA regions from all species in a sample, but the approach is limited by its low resolution to distinguish closely-related species. Here we developed a customised database and bioinformatic pipeline to identify herbal ingredients implemented as a metagenomics approach for plant-derived product authenticity testing and evaluated the accuracy of the method by using publicly available as well as 47 de novo partly sequenced whole plant genomes or barcodes as query sequences. Our results show that using our mapping algorithm with the customised barcode database correctly identifies the main components of a wide range of plant-derived samples, albeit with variable additional false-positive matches across samples depending on the tested samples and barcodes. Our result also show that at the current stage the usefulness of metagenomics is limited by the availability of reference sequences and the needed sequencing depth. However, this method shows promise for evaluating the authenticity of different herbal products provided that the method is further refined to increase the qualitative and quantitative accuracy.;Bad;Food authentication is a rapidly growing field driven by increasing public awareness of food quality and safety. Foods containing herbs are particularly prone to industrial fraud and adulteration. Several methodologies are currently used to evaluate food authenticity, but recently increased focus has been on DNA technologies, with DNA barcoding the most widely used. DNA barcoding is based on the sequencing and comparison of orthologous DNA regions from all species in a sample, but the approach is limited by its low resolution to distinguish closely-related species. Here we developed a customised database and bioinformatic pipeline to identify herbal ingredients implemented as a metagenomics approach for plant-derived product authenticity testing and evaluated the accuracy of the method by using publicly available as well as 47 de novo partly sequenced whole plant genomes or barcodes as query sequences. Our results show that using our mapping algorithm with the customised barcode database correctly identifies the main components of a wide range of plant-derived samples, albeit with variable additional false-positive matches across samples depending on the tested samples and barcodes. Our result also show that at the current stage the usefulness of metagenomics is limited by the availability of reference sequences and the needed sequencing depth. However, this method shows promise for evaluating the authenticity of different herbal products provided that the method is further refined to increase the qualitative and quantitative accuracy.;ENA-FIRST-PUBLIC: 2021-10-31 || ENA-LAST-UPDATE: 2021-10-31;2;42;Evaluating the usefulness of next-genera;0,047619048;FALSE;FALSE;human
59;ERP015803;Pollen metabarcoding of bees from a historic collection reveales provenance and possible microbial connections;Other;Pollination is a key component in both agricultural food production and ecosystem maintenance. Natural history collections containing pollinators can provide us with unique access to pollen samples collected at different spatial and temporal scales. Identification of the plant origins of pollen trapped on the bodies of pollinators in these collections can provide insight into historic plant communities and pollinators' preferred floral taxa. In this study, pollen has been sampled from Megachile venusta Smith bees taken from the National Collection of Insects, South Africa, spanning 93 years. Two barcode regions were sequenced on an Illumina MiSeq, namely the internal transcribed spacer 1 (ITS1) and the internal transcribed spacer 2 (ITS2). Reference sequence databases were generated by mining data for Viridiplantae from GenBank for both barcodes, and comparing the ITS2 database with a previously published ITS2 database for plants. Amplification universality of the barcode primers enabled the investigation of both pollen and microbial microbiomes from pollen samples collected. Plant classification was more diverse with ITS2 than with ITS1 barcode data. Limited local plant sequence representation in reference databases resulted in higher-level taxon classifications being more confidently interpreted. Sequences that were not of plant origin were mostly assigned to fungi, especially Malassezia. This study successfully used pollen from bee specimens collected from as early as 1914 to obtain both the pollen and microbial metabarcodes, thereby allowing the identification of the pollen's plant origin and microbiological compositions of the samples.;Bad;Pollination is a key component in both agricultural food production and ecosystem maintenance. Natural history collections containing pollinators can provide us with unique access to pollen samples collected at different spatial and temporal scales. Identification of the plant origins of pollen trapped on the bodies of pollinators in these collections can provide insight into historic plant communities and pollinators' preferred floral taxa. In this study, pollen has been sampled from Megachile venusta Smith bees taken from the National Collection of Insects, South Africa, spanning 93 years. Two barcode regions were sequenced on an Illumina MiSeq, namely the internal transcribed spacer 1 (ITS1) and the internal transcribed spacer 2 (ITS2). Reference sequence databases were generated by mining data for Viridiplantae from GenBank for both barcodes, and comparing the ITS2 database with a previously published ITS2 database for plants. Amplification universality of the barcode primers enabled the investigation of both pollen and microbial microbiomes from pollen samples collected. Plant classification was more diverse with ITS2 than with ITS1 barcode data. Limited local plant sequence representation in reference databases resulted in higher-level taxon classifications being more confidently interpreted. Sequences that were not of plant origin were mostly assigned to fungi, especially Malassezia. This study successfully used pollen from bee specimens collected from as early as 1914 to obtain both the pollen and microbial metabarcodes, thereby allowing the identification of the pollen's plant origin and microbiological compositions of the samples.;ENA-FIRST-PUBLIC: 2018-03-22 || ENA-LAST-UPDATE: 2016-05-27;1;44;Pollen metabarcoding of bees from a hist;0,022727273;FALSE;FALSE;unknown
26;DRP007902;Monitoring circulating tumor DNA by using panel-specific sequencing to predict recurrence in colorectal cancer after surgical resection;Other;BACKGROUND AND AIMS: Irritable bowel syndrome (IBS) is a disorder of gut-brain interaction, including dysregulation of the hypothalamic-pituitary-adrenal axis with salivary cortisol changes. However, the role of gastrointestinal microbiota during IBS symptom exacerbation remains unclear. We tested the hypothesis that the microbial species, gene transcripts, and chemical composition of fecal and oral samples are altered during the exacerbation of IBS symptoms. METHODS: Fecal, salivary, and dental plaque samples were collected at baseline from 43 men with IBS with diarrhea (IBS-D) and 40 healthy control (HC) men. Samples in the IBS-D patients were also collected during symptom exacerbation. The composition of the fecal microbiota was determined by analyzing the 16S rDNA, RNA-based metatranscriptome, and metabolites in samples from HC and IBS patients with and without symptom exacerbation. Oral samples were also analyzed using omics approaches. RESULTS: The fecal microbiota during IBS symptom exacerbation exhibited significant differences in the phylogenic pattern and short-chain fatty acid metabolites compared with fecal samples during defecation when symptoms were not exacerbated. Although there were no significant differences in the phylogenic pattern of fecal microbiota abundance between HCs and IBS-D patients, significant differences were detected in the expression patterns of bacterial transcriptomes related to butyrate production and neuroendocrine hormones, including tryptophan-serotonin-melatonin synthesis and glutamine/GABA. The composition of plaque microbiota was different between HC and IBS-D patients during normal defecation but there was no overlap with the fecal microbiome. CONCLUSION: Our findings suggest that colonic host-microbial interactions are altered in IBS-D patients during exacerbation of symptoms. There were no overlaps between feces and oral microbiomes.;Diarrhea - IBS;NA;NA;39;45;Monitoring circulating tumor DNA by usin;0,866666667;FALSE;TRUE;human
102;ERP110689;Metagenomic characterization of dietary changes effects on the gut microbiome in smallholder dairy cattle;Metagenomics;Assessment of changes in microbial diversity in rumen liquor and fecal samples from three breeds of dairy cattle fed on an increasing concentrate diet;Bad;NA;BROKER_OBJECT_ID: mgp79210 || BROKER_CUSTOMER_NAME: Felix Kibegwa || submitter_name: Felix Kibegwa || PI_email: mkibegwa@uonbi.ac.ke || project_description: Assessment of changes in microbial diversity in rumen liquor and fecal samples from three breeds of dairy cattle fed on an increasing concentrate diet || organization_country: Kenya || organization_url: https://profiles.uonbi.ac.ke/mkibegwa/ || PI_organization_address: P.O Box 29053 00625 Nairobi || organization: University of Nairobi || PI_organization_country: Kenya || PI_organization_url: https://uonbi.ac.ke || project_funding: Africa Biosciences Challenge Fund 2015 for laboratory work and data analysis, Deans committee of University of Nairobi grant for field work || envo_release: 2013-01-08 || PI_organization: University of Nairobi || project_name: Metagenomic characterization of dietary changes effects on the gut microbiome in smallholder dairy cattle || mgrast_id: mgp79210 || organization_address: P.O Box 29053 00625 Nairobi || ENA-FIRST-PUBLIC: 2018-10-10 || ENA-LAST-UPDATE: 2018-09-04;1;47;Metagenomic characterization of dietary ;0,021276596;FALSE;FALSE;bovine
144;ERP124431;16S rRNA amplicon sequencing from the Ocean Sampling Day (OSD) campaign June 2019;Other;Ocean Sampling Day was initiated by the EU-funded Micro B3 (Marine Microbial Biodiversity, Bioinformatics, Biotechnology) project to obtain a snapshot of the marine microbial biodiversity and function of the worldâ€™s oceans. It is a simultaneous global mega-sequencing campaign aiming to generate the largest standardized microbial data set in a single day. This will be achievable only through the coordinated efforts of an Ocean Sampling Day Consortium, supportive partnerships and networks between sites. The OSD2019 event is a continuation of the successful OSD events of Micro B3 project (https://www.microb3.eu/osd.html).;Bad;NA;ENA-FIRST-PUBLIC: 2021-10-11 || ENA-LAST-UPDATE: 2021-10-11;3;47;16S rRNA amplicon sequencing from the Oc;0,063829787;FALSE;FALSE;unknown
103;ERP110753;Gut microbiome of treatment-naïve MS patients of different ethnicities early in disease course.;Other;Although the intestinal microbiome has been increasingly implicated in autoimmune diseases, much is unknown about its roles in Multiple Sclerosis (MS). Our aim was to compare the microbiome between treatment-naïve MS subjects early in their disease course and controls, and between Caucasian (CA), Hispanic (HA), and African American (AA) MS subjects. From fecal samples, we performed 16S rRNA V4 sequencing and analysis from 45 MS subjects (15 CA, 16 HA, 14 AA) and 44 matched healthy controls, and whole metagenomic shotgun sequencing from 24 MS subjects (all newly diagnosed, treatment naïve, and steroid-free) and 24 controls. In all three ethnic groups, there was an increased relative abundance of the same single genus, Clostridium, compared to ethnicity-matched controls.  Analysis of microbiota networks showed significantly different characteristics between the combined MS cohorts and controls, suggesting global differences not restricted to individual taxa.  Metagenomic analysis revealed significant enrichment of individual species within Clostridia as well as particular functional pathways in the MS subjects. The increased relative abundance of Clostridia in all three early MS cohorts compared to controls confirmed by metagenomic analyses provides candidate taxa for further study as biomarkers or agents in MS.;Good - other disease;Although the intestinal microbiome has been increasingly implicated in autoimmune diseases, much is unknown about its roles in Multiple Sclerosis (MS). Our aim was to compare the microbiome between treatment-naïve MS subjects early in their disease course and controls, and between Caucasian (CA), Hispanic (HA), and African American (AA) MS subjects. From fecal samples, we performed 16S rRNA V4 sequencing and analysis from 45 MS subjects (15 CA, 16 HA, 14 AA) and 44 matched healthy controls, and whole metagenomic shotgun sequencing from 24 MS subjects (all newly diagnosed, treatment naïve, and steroid-free) and 24 controls. In all three ethnic groups, there was an increased relative abundance of the same single genus, Clostridium, compared to ethnicity-matched controls.  Analysis of microbiota networks showed significantly different characteristics between the combined MS cohorts and controls, suggesting global differences not restricted to individual taxa.  Metagenomic analysis revealed significant enrichment of individual species within Clostridia as well as particular functional pathways in the MS subjects. The increased relative abundance of Clostridia in all three early MS cohorts compared to controls confirmed by metagenomic analyses provides candidate taxa for further study as biomarkers or agents in MS.;ENA-FIRST-PUBLIC: 2019-12-01 || ENA-LAST-UPDATE: 2019-05-23;4;48;Gut microbiome of treatment-naïve MS pat;0,083333333;FALSE;TRUE;unknown
101;ERP110580;Disordered gut microbiota and alterations in metabolic patterns are associated with atrial fibrillation;Other;With the establishment of the heart-gut axis concept, accumulating studies suggest that the gut microbiome plays an important role in the genesis of cardiovascular diseases. Yet, little evidence has been reported characterizing the gut microbiota shift in correspondence to arrhythmia, particularly in atrial fibrillation, the most common type of cardiac arrhythmia with worldwide prevalence. We include the first result of the global alterations that occur in the intestinal microbiota based on a strategy of metagenomic and metabolomic analyses. Our findings characterize the disordered gut microbiota and microbial metabolite profiles in atrial fibrillation. Intervention strategies targeting microbiome composition to counteract the progression of atrial fibrillation are highly suggested.;Good - other disease;With the establishment of the heart-gut axis concept, accumulating studies suggest that the gut microbiome plays an important role in the genesis of cardiovascular diseases. Yet, little evidence has been reported characterizing the gut microbiota shift in correspondence to arrhythmia, particularly in atrial fibrillation, the most common type of cardiac arrhythmia with worldwide prevalence. We include the first result of the global alterations that occur in the intestinal microbiota based on a strategy of metagenomic and metabolomic analyses. Our findings characterize the disordered gut microbiota and microbial metabolite profiles in atrial fibrillation. Intervention strategies targeting microbiome composition to counteract the progression of atrial fibrillation are highly suggested.;ENA-FIRST-PUBLIC: 2019-02-27 || ENA-LAST-UPDATE: 2018-08-28;13;50;Disordered gut microbiota and alteration;0,26;FALSE;FALSE;unknown
8;DRP004680;Metagenomic analysis of biological samples collected from patients with Kawasaki disease.;Other;Kawasaki disease (KD) is a pediatric disease of unknown etiology.  We applied metagenomic analysis on the blood, nasopharyngeal aspirates, and stool, collected from patients with KD and matched control subjects.;Good - other disease;NA;NA;1;53;Metagenomic analysis of biological sampl;0,018867925;FALSE;FALSE;human
143;ERP124424;16S rRNA amplicon sequencing from the Ocean Sampling Day (OSD) campaign June 2018;Other;Ocean Sampling Day was initiated by the EU-funded Micro B3 (Marine Microbial Biodiversity, Bioinformatics, Biotechnology) project to obtain a snapshot of the marine microbial biodiversity and function of the worldâ€™s oceans. It is a simultaneous global mega-sequencing campaign aiming to generate the largest standardized microbial data set in a single day. This will be achievable only through the coordinated efforts of an Ocean Sampling Day Consortium, supportive partnerships and networks between sites. The OSD2018 event is a continuation of the successful OSD events of Micro B3 project (https://www.microb3.eu/osd.html).;Bad;NA;ENA-FIRST-PUBLIC: 2021-10-10 || ENA-LAST-UPDATE: 2021-10-10;2;54;16S rRNA amplicon sequencing from the Oc;0,037037037;FALSE;FALSE;unknown
88;ERP107437;A cross-sectional study of compositional and functional profiles of gut microbiota in Sardinian centenarians;Other;Abstract Sardinia, Italy, has a high prevalence of residents who live over 100 years. The reasons for longevity in this isolated region is currently unknown. Gut microbiota may hold a clue. To explore the role gut microbiota may play in healthy aging and longevity, we used metagenomic sequencing to determine the compositional and functional differences in gut microbiota associated with populations of different ages in Sardinia. Our data revealed that the gut microbiota of both young and elderly Sardinians shared similar taxonomic and functional profiles. A different pattern was found in centenarians. Within the centenarian group, the gut microbiota was correlated with the Functional Independence Measurement of the host. Centenarians had a higher diversity of core microbiota species and microbial genes compared with that in the young and elderly. We found that the gut microbiota in Sardinian centenarians displayed a rearranged taxonomic pattern when compared with these of the young and elderly, featured by depletion of Faecalibacterium prausnitzii and Eubacterium rectale, and enriched for Methanobrevibacter smithii and Bifidobacterium adolescentis. Moreover, functional analysis revealed the microbiota in centenarians had high capacity for central metabolism, especially glycolysis and fermentation to Short-Chain Fatty Acids (SCFAs), although the gut microbiota in centenarians was low in degradation of carbohydrates including fibers and galactose. The gut microbiota has been proposed as a promising determinant for human health. Centenarians as a model for extreme aging may help to understand the correlation of gut microbiota with healthy aging and longevity. Here we confirmed that centenarians had microbiota elements usually associated with benefits to health. Our finding of a high capacity of glycolysis and related SCFAs production represented a healthy microbiome and environment that is regarded as beneficial for host gut epithelium. The low abundance of pathways involved in carbohydrate degradation was also found in the gut microbiota of Sardinian centenarians and is often associated with poor gut health. Overall, our study here represents an expansion of previous research investigating the age-related changes in gut microbiota. Furthermore, our study provides a new prospective for potential targets for gut microbiota intervention directed at limiting gut inflammation and pathology and enhancing a healthy gut barrier.;Good;Abstract Sardinia, Italy, has a high prevalence of residents who live over 100 years. The reasons for longevity in this isolated region is currently unknown. Gut microbiota may hold a clue. To explore the role gut microbiota may play in healthy aging and longevity, we used metagenomic sequencing to determine the compositional and functional differences in gut microbiota associated with populations of different ages in Sardinia. Our data revealed that the gut microbiota of both young and elderly Sardinians shared similar taxonomic and functional profiles. A different pattern was found in centenarians. Within the centenarian group, the gut microbiota was correlated with the Functional Independence Measurement of the host. Centenarians had a higher diversity of core microbiota species and microbial genes compared with that in the young and elderly. We found that the gut microbiota in Sardinian centenarians displayed a rearranged taxonomic pattern when compared with these of the young and elderly, featured by depletion of Faecalibacterium prausnitzii and Eubacterium rectale, and enriched for Methanobrevibacter smithii and Bifidobacterium adolescentis. Moreover, functional analysis revealed the microbiota in centenarians had high capacity for central metabolism, especially glycolysis and fermentation to Short-Chain Fatty Acids (SCFAs), although the gut microbiota in centenarians was low in degradation of carbohydrates including fibers and galactose. The gut microbiota has been proposed as a promising determinant for human health. Centenarians as a model for extreme aging may help to understand the correlation of gut microbiota with healthy aging and longevity. Here we confirmed that centenarians had microbiota elements usually associated with benefits to health. Our finding of a high capacity of glycolysis and related SCFAs production represented a healthy microbiome and environment that is regarded as beneficial for host gut epithelium. The low abundance of pathways involved in carbohydrate degradation was also found in the gut microbiota of Sardinian centenarians and is often associated with poor gut health. Overall, our study here represents an expansion of previous research investigating the age-related changes in gut microbiota. Furthermore, our study provides a new prospective for potential targets for gut microbiota intervention directed at limiting gut inflammation and pathology and enhancing a healthy gut barrier.;gut microbiome: Host-Microbe Biology || Centenarian: Aging and longevity || Metagenomic sequencing: Microbiome || ENA-FIRST-PUBLIC: 2019-06-19 || ENA-LAST-UPDATE: 2019-06-19;2;59;A cross-sectional study of compositional;0,033898305;FALSE;TRUE;human
156;ERP126324;Gut Microbiomes of European Farm Rainbow Trout;Other;Shotgun metagenomics sequencing results for intestinal samples collected from rainbow trout farms in three European countries.;Bad;Shotgun metagenomics sequencing results for intestinal samples collected from rainbow trout farms in three European countries.;ENA-FIRST-PUBLIC: 2021-01-20 || ENA-LAST-UPDATE: 2021-01-13;7;59;Gut Microbiomes of European Farm Rainbow;0,118644068;FALSE;FALSE;unknown
140;ERP123154;SKIN MICROBIOTA AND CLINICAL ASSOCIATIONS IN NETHERTON SYNDROME;Other;Characterization of host-microbe interactions in twelve patients with Netherton syndrome disorder from eight Finnish families with healthy family controls by shotgun sequencing. Skin surface swabs were collected in PBS buffer and subjected to whole-genome sequencing on Illumina HiSeq 2500 technology (2x150bp).;Bad;Characterization of host-microbe interactions in twelve patients with Netherton syndrome disorder from eight Finnish families with healthy family controls by shotgun sequencing. Skin surface swabs were collected in PBS buffer and subjected to whole-genome sequencing on Illumina HiSeq 2500 technology (2x150bp).;ENA-FIRST-PUBLIC: 2021-03-10 || ENA-LAST-UPDATE: 2020-07-29;1;62;SKIN MICROBIOTA AND CLINICAL ASSOCIATION;0,016129032;FALSE;TRUE;human
158;ERP127926;Availability of vitamin B12 and its lower ligand a-ribazole affect growth and composition of prokaryotic and protist communities in oceanic systems (16S DNA);Other;We conducted three mesocosm experiments in the south-subtropical, equatorial and subarctic Pacific Ocean on board of the scientific cruise SO248, surveying the effect of vitamin B12 and a-ribazole (B12 lower ligand) supply to the microbial community. We uploaded our illumina sequenced microbial community analysis data (V3-V4 region of the 16S rRNA gene) of selected time points of our mesocosm experiments.;Bad;NA;ENA-FIRST-PUBLIC: 2021-06-21 || ENA-LAST-UPDATE: 2021-06-21;3;65;Availability of vitamin B12 and its lowe;0,046153846;FALSE;FALSE;unknown
36;ERP007090;Influence of travel on antibiotic resistance;Other;We used untargeted metagenomic Illumina sequencing to study fecal samples of 35 Swedish healthcare students, taken before and after embarking on a student exchange program to the Indian peninsula or central Africa. The students were not taking antibiotics between sampling points. Antibiotic resistance gene frequencies were investigated in all samples.;Good - travellers;We used untargeted metagenomic Illumina sequencing to study fecal samples of 35 Swedish healthcare students, taken before and after embarking on a student exchange program to the Indian peninsula or central Africa. The students were not taking antibiotics between sampling points. Antibiotic resistance gene frequencies were investigated in all samples.;NA;22;70;Influence of travel on antibiotic resist;0,314285714;FALSE;FALSE;unknown
153;ERP125979;Metaomics Reveals Microbiome Based Proteolysis as a Driver of Ulcerative Colitis Severity;Other;Ulcerative colitis (UC) is driven by disturbed host-microbiota relations, but current treatments exclusively target host inflammatory pathways. To understand how host-microbiota interactions go awry in UC, we collected and analyzed six fecal or serum based –omic datasets from 40 UC patient samples displaying varying clinical, endoscopic, and histologic disease activity. A validation cohort of 210 samples (73 UC, 117 Crohn's disease (CD), 20 healthy controls) was collected and analyzed separately and independently. Data integration across both cohorts showed that a subset of the clinically active UC patients had an over-abundance of proteases that originated from the bacterium, Bacteroides vulgatus. To test the hypothesis that B. vulgatus proteases contribute to UC disease activity, we first profiled B. vulgatus proteases and then selected an appropriate broad-spectrum protease inhibitor to evaluate their involvement in colitis models. Protease inhibition improved B. vulgatus-induced barrier dysfunction in vitro, and prevented colitis in B. vulgatus IL10 deficient monocolonized mice. Furthermore, transplantation of feces from UC patients with over-abundant B. vulgatus proteases into germ-free mice induced colitis dependent on protease activity. Together, these results stemming from a multi-omics approach, improve understanding of functional alterations in microbiota that drive UC and suggest inhibition of B. vulgatus proteases as a novel strategy to treat this disease.;Good - Ulcerative colitis;NA;ENA-FIRST-PUBLIC: 2020-12-17 || ENA-LAST-UPDATE: 2020-12-17;1;80;Metaomics Reveals Microbiome Based Prote;0,0125;FALSE;TRUE;human
83;ERP105320;A catalog of microbial genes from the bovine rumen reveals the determinants of herbivory;Other;The rumen microbiome is responsible for the unique nature of ruminants. A thorough knowledge of the genetic potential of rumen symbiotic microbes is therefore crucial for the sustainability of ruminant production systems. Using deep metagenome sequencing we identified 13,825,880 non-redundant prokaryote genes from the bovine rumen and constructed 324 high quality metagenomic species. These metagenomic species were prevalent in the rumen of 77 cattle fed various diets whereas known rumen microbial genomes were less abundant. Compared to human, pig and mouse gut metagenome catalogs, the rumen is richer in functions and microbial species associated to the degradation of lignocellulosic material and production of methane. Genes coding for enzymes that deconstruct lignocellulosic substrates showed a particularly high richness that is otherwise impossible to infer from available genomes or shallow metagenomics sequencing. These data bring new insights on functions, enzymes and microbes of the rumen, critical to understand phenotypes and biological processes.;Bad;The rumen microbiome is responsible for the unique nature of ruminants. A thorough knowledge of the genetic potential of rumen symbiotic microbes is therefore crucial for the sustainability of ruminant production systems. Using deep metagenome sequencing we identified 13,825,880 non-redundant prokaryote genes from the bovine rumen and constructed 324 high quality metagenomic species. These metagenomic species were prevalent in the rumen of 77 cattle fed various diets whereas known rumen microbial genomes were less abundant. Compared to human, pig and mouse gut metagenome catalogs, the rumen is richer in functions and microbial species associated to the degradation of lignocellulosic material and production of methane. Genes coding for enzymes that deconstruct lignocellulosic substrates showed a particularly high richness that is otherwise impossible to infer from available genomes or shallow metagenomics sequencing. These data bring new insights on functions, enzymes and microbes of the rumen, critical to understand phenotypes and biological processes.;ENA-FIRST-PUBLIC: 2018-02-27 || ENA-LAST-UPDATE: 2017-11-22;12;87;A catalog of microbial genes from the bo;0,137931034;FALSE;FALSE;human
43;ERP010448;A longitudinal study of the feline faecal microbiome identifies changes into early adulthood irrespective of sexual development;Other;Companion animals provide an excellent model for studies of the gut microbiome because potential confounders such as diet and environment can be more readily controlled for than in humans. Additionally, domestic cats and dogs are typically neutered early in life, enabling an investigation into the potential effect of sex hormones on the microbiome. In a longitudinal study to investigate the potential effects of neutering, neutering age and gender on the gut microbiome during growth, the faeces of kittens (16 male, 14 female) were sampled at 18, 30 and 42 weeks of age. DNA was shotgun sequenced on the Illumina platform and sequence reads were annotated for taxonomy and function by comparison to a database of protein coding genes. In a statistical analysis of diversity, taxonomy and functional potential of the microbiomes, age was revealed as the only factor with significant effects on the variation observed. No significant effects were detected for gender, neutering, or age when neutered (19 or 31 weeks). At 18 weeks of age the microbiome was dominated by the genera Lactobacillus and Bifidobacterium (35% and 20% average abundance). Structural and functional diversity was significantly increased by week 30 but there was no further significant increase. At 42 weeks of age the most abundant genera were Bacteroides (16%), Prevotella (14%) and Megasphaera (8%). Significant differences in functional potential included an enrichment for genes in energy metabolism (carbon metabolism and oxidative phosphorylation) and depletion in cell motility (flagella and chemotaxis). We conclude that the feline faecal microbiome is predominantly determined by age when diet and environment are controlled for. We suggest this finding may also be informative for studies of the human microbiome, where control over such factors is usually limited.;Bad;Companion animals provide an excellent model for studies of the gut microbiome because potential confounders such as diet and environment can be more readily controlled for than in humans. Additionally, domestic cats and dogs are typically neutered early in life, enabling an investigation into the potential effect of sex hormones on the microbiome. In a longitudinal study to investigate the potential effects of neutering, neutering age and gender on the gut microbiome during growth, the faeces of kittens (16 male, 14 female) were sampled at 18, 30 and 42 weeks of age. DNA was shotgun sequenced on the Illumina platform and sequence reads were annotated for taxonomy and function by comparison to a database of protein coding genes. In a statistical analysis of diversity, taxonomy and functional potential of the microbiomes, age was revealed as the only factor with significant effects on the variation observed. No significant effects were detected for gender, neutering, or age when neutered (19 or 31 weeks). At 18 weeks of age the microbiome was dominated by the genera Lactobacillus and Bifidobacterium (35% and 20% average abundance). Structural and functional diversity was significantly increased by week 30 but there was no further significant increase. At 42 weeks of age the most abundant genera were Bacteroides (16%), Prevotella (14%) and Megasphaera (8%). Significant differences in functional potential included an enrichment for genes in energy metabolism (carbon metabolism and oxidative phosphorylation) and depletion in cell motility (flagella and chemotaxis). We conclude that the feline faecal microbiome is predominantly determined by age when diet and environment are controlled for. We suggest this finding may also be informative for studies of the human microbiome, where control over such factors is usually limited.;NA;3;88;A longitudinal study of the feline faeca;0,034090909;FALSE;FALSE;human
135;ERP121364;Strain-level analysis of Bifidobacterium spp. from human gut metagenomes of individuals with different lactase persistence genotypes;Other;BackgroundOne of the strongest signals of human genetic effects on the gut microbiome is the association between the relative abundance of Bifidobacterium and host genotype at the locus for the lactase gene (LCT), which is associated with lactase persistence. In several populations of European descent, individuals with lactase non-persistence have been shown to harbor a greater proportion of Bifidobacterium in stool compared to those with lactase persistence. These associations are based on 16S rRNA gene data that do not discriminate between species of Bifidobacterium. Given the wide functional and taxonomic diversity of this genus, a species-level resolution of the LCT-Bifidobacterium association would allow better understanding of the underlying relationship. Here, we further interrogated the LCT-Bifidobacterium in adult monozygotic twins that were concordant for either lactase persistence (AA/AG) or non-persistence (GG). We used metagenomics on (1) bulk DNA extracts and (2) post genome-capture with a Bifidobacterium-specific probe array.ResultsWe observed specific Bifidobacteria are proportionally enriched in GG versus AG/AA individuals, which are both dominated by B. adolescentis and B. longum. We found no discriminant Bifidobacterium species between GG and AG/AA genotypes, nor any genotypic signal on Bifidobacterium community structure. Our genome capture data revealed strong intra-individual longitudinal stability of B. longum, B. adolescentis, and B. bifidum strains, and increased intra-twin strain similarities compared to unrelated individuals, but did not reveal an effect of host lactase persistence genotype on strain stability or strain composition. ConclusionsThe Bifidobacteria are often considered specialists in human gut communities. Yet our study suggests a wide niche space across all human associated Bifidobacteria, which would enable them to exploit the greater availability of intact lactose reaching the large intestine of lactase non-persistent people.;Good;BackgroundOne of the strongest signals of human genetic effects on the gut microbiome is the association between the relative abundance of Bifidobacterium and host genotype at the locus for the lactase gene (LCT), which is associated with lactase persistence. In several populations of European descent, individuals with lactase non-persistence have been shown to harbor a greater proportion of Bifidobacterium in stool compared to those with lactase persistence. These associations are based on 16S rRNA gene data that do not discriminate between species of Bifidobacterium. Given the wide functional and taxonomic diversity of this genus, a species-level resolution of the LCT-Bifidobacterium association would allow better understanding of the underlying relationship. Here, we further interrogated the LCT-Bifidobacterium in adult monozygotic twins that were concordant for either lactase persistence (AA/AG) or non-persistence (GG). We used metagenomics on (1) bulk DNA extracts and (2) post genome-capture with a Bifidobacterium-specific probe array.ResultsWe observed specific Bifidobacteria are proportionally enriched in GG versus AG/AA individuals, which are both dominated by B. adolescentis and B. longum. We found no discriminant Bifidobacterium species between GG and AG/AA genotypes, nor any genotypic signal on Bifidobacterium community structure. Our genome capture data revealed strong intra-individual longitudinal stability of B. longum, B. adolescentis, and B. bifidum strains, and increased intra-twin strain similarities compared to unrelated individuals, but did not reveal an effect of host lactase persistence genotype on strain stability or strain composition. ConclusionsThe Bifidobacteria are often considered specialists in human gut communities. Yet our study suggests a wide niche space across all human associated Bifidobacteria, which would enable them to exploit the greater availability of intact lactose reaching the large intestine of lactase non-persistent people.;ENA-FIRST-PUBLIC: 2020-05-01 || ENA-LAST-UPDATE: 2020-04-25;6;94;Strain-level analysis of Bifidobacterium;0,063829787;TRUE;FALSE;human
89;ERP107921;Metagenomic insights into resistant starch degradation by human gut microbiota;Other;"Several studies monitoring alterations of the community structure upon resistant starch (RS) interventions are available, although comprehensive function-based analyses are lacking. Recently, a multiomics approach based on 16S rRNA gene-sequencing, metaproteomics and metabolomics on fecal samples from individuals subjected to high and low doses of type-2 RS (RS2; 48 g and 3 g/2500 kcal, respectively, daily for 2 weeks) in a cross-over intervention experiment was performed. In the present study, we did pathway-based metagenomic analyses on samples from a subset of individuals (n=12) from that study to get additional, detailed insights into the functional structure at high resolution during RS2 intervention. A mechanistic framework based on obtained results is proposed where primary degradation was governed by Firmicutes, primarily via the keystone degrader Ruminococcus bromii providing fermentation substrates and increased acetate concentrations for growth of various major butyrate-producers exhibiting the enzyme butyryl-CoA:acetate CoA-transferase. H2-scavenging sulfite reducers and acetogens concurrently increased. Augmented fermentation products lowered the pH, further favoring Firmicutes including butyrate producers at the expense of pH-sensitive gram-negative bacteria, in particular Bacteroides. Individual responses of gut microbiota were noted where seven of the 12 participants displayed all features of the outlined pattern, whereas four individuals showed mixed behavior and one subject was unresponsive. Intervention order did not affect the outcome emphasizing a constant substrate supply for maintaining specific functional communities.";Good;"Several studies monitoring alterations of the community structure upon resistant starch (RS) interventions are available, although comprehensive function-based analyses are lacking. Recently, a multiomics approach based on 16S rRNA gene-sequencing, metaproteomics and metabolomics on fecal samples from individuals subjected to high and low doses of type-2 RS (RS2; 48 g and 3 g/2500 kcal, respectively, daily for 2 weeks) in a cross-over intervention experiment was performed. In the present study, we did pathway-based metagenomic analyses on samples from a subset of individuals (n=12) from that study to get additional, detailed insights into the functional structure at high resolution during RS2 intervention. A mechanistic framework based on obtained results is proposed where primary degradation was governed by Firmicutes, primarily via the keystone degrader Ruminococcus bromii providing fermentation substrates and increased acetate concentrations for growth of various major butyrate-producers exhibiting the enzyme butyryl-CoA:acetate CoA-transferase. H2-scavenging sulfite reducers and acetogens concurrently increased. Augmented fermentation products lowered the pH, further favoring Firmicutes including butyrate producers at the expense of pH-sensitive gram-negative bacteria, in particular Bacteroides. Individual responses of gut microbiota were noted where seven of the 12 participants displayed all features of the outlined pattern, whereas four individuals showed mixed behavior and one subject was unresponsive. Intervention order did not affect the outcome emphasizing a constant substrate supply for maintaining specific functional communities.";ENA-FIRST-PUBLIC: 2018-04-11 || ENA-LAST-UPDATE: 2018-04-11;2;97;Metagenomic insights into resistant star;0,020618557;FALSE;FALSE;human
84;ERP105428;A novel affordable reagent for room temperature storage and transport of fecal samples for metagenomic analyses;Other;Background: The number of large-scale studies on the gut microbiota in human cohorts is rapidly increasing. However, the few and expensive options for storage of fecal samples at room temperature have been an obstacle for large-scale metagenomic studies and the development of clinical/commercial personal metagenomic sequencing. Results: In this study, we systematically tested a novel N-octylpyridinium bromide-based fecal sample preservation method, and compared it with other currently used storage methods. We found that the N-octylpyridinium bromide-based method enabled preservation of the bacterial composition in fecal samples transported and stored at room temperature for up to at least 14 days.Conclusions: We describe a novel chemical stabilizer that allows cost-effective transportation and storage at room temperature for several days with preservation of bacterial composition. This method will facilitate sample collection even in remote area and also enable transport via normal commercial transportation routes.;Bad;Background: The number of large-scale studies on the gut microbiota in human cohorts is rapidly increasing. However, the few and expensive options for storage of fecal samples at room temperature have been an obstacle for large-scale metagenomic studies and the development of clinical/commercial personal metagenomic sequencing. Results: In this study, we systematically tested a novel N-octylpyridinium bromide-based fecal sample preservation method, and compared it with other currently used storage methods. We found that the N-octylpyridinium bromide-based method enabled preservation of the bacterial composition in fecal samples transported and stored at room temperature for up to at least 14 days.Conclusions: We describe a novel chemical stabilizer that allows cost-effective transportation and storage at room temperature for several days with preservation of bacterial composition. This method will facilitate sample collection even in remote area and also enable transport via normal commercial transportation routes.;ENA-FIRST-PUBLIC: 2017-12-12 || ENA-LAST-UPDATE: 2017-11-28;16;100;A novel affordable reagent for room temp;0,16;FALSE;FALSE;human
62;ERP016813;Integrated metabolomics and metagenomics analysis of plasma and urine identified microbial metabolites associated with coronary heart disease;Other;Coronary heart disease (CHD) is top risk factor for health in modern society, causing high mortality rate each year. However, there is no reliable way for early diagnosis and prevention of CHD so far. So study the mechanism of CHD and development of novel biomarkers is urgently needed. In this study, metabolomics and metagenomics technology are applied to discover new biomarkers from plasma and urine of 59 CHD patients and 43 healthy controls and trace their origin. We identify GlcNAc-6-P which has good diagnostic capability and can be used as potential biomarkers for CHD, together with mannitol and 15 plasma cholines. These identified metabolites show significant correlations with clinical biochemical indexes. Meanwhile, GlcNAc-6-P and mannitol are potential metabolites originated from intestinal microbiota. Association analysis on species and function levels between intestinal microbes and metabolites suggest a close correlation between Clostridium sp. HGF2 and GlcNAc-6-P, Clostridium sp. HGF2, Streptococcus sp. M143, Streptococcus sp. M334 and mannitol. These suggest the metabolic abnormality is significant and gut microbiota dysbiosis happens in CHD patients.;Bad;Coronary heart disease (CHD) is top risk factor for health in modern society, causing high mortality rate each year. However, there is no reliable way for early diagnosis and prevention of CHD so far. So study the mechanism of CHD and development of novel biomarkers is urgently needed. In this study, metabolomics and metagenomics technology are applied to discover new biomarkers from plasma and urine of 59 CHD patients and 43 healthy controls and trace their origin. We identify GlcNAc-6-P which has good diagnostic capability and can be used as potential biomarkers for CHD, together with mannitol and 15 plasma cholines. These identified metabolites show significant correlations with clinical biochemical indexes. Meanwhile, GlcNAc-6-P and mannitol are potential metabolites originated from intestinal microbiota. Association analysis on species and function levels between intestinal microbes and metabolites suggest a close correlation between Clostridium sp. HGF2 and GlcNAc-6-P, Clostridium sp. HGF2, Streptococcus sp. M143, Streptococcus sp. M334 and mannitol. These suggest the metabolic abnormality is significant and gut microbiota dysbiosis happens in CHD patients.;NA;23;102;Integrated metabolomics and metagenomics;0,225490196;FALSE;TRUE;human
82;ERP105282;WGS data from FMT trial for the treatment of recurrent Clostridium difficile infection;Other;Fecal microbiota transplantation (FMT) is a treatment for microbiome-associated diseases in which gut microbiota are transferred from a healthy donor to a patient. Although the success of FMT requires donor bacteria to engraft in the patient's gut, the forces governing bacterial engraftment in humans are unknown. Here, we use a vast, ongoing clinical experiment - the treatment of recurrent Clostridium difficile infection with FMT - to uncover the rules of engraftment in humans. First, we built a machine learning model that accurately predicts which bacterial species will engraft in a given host. We then developed a maximum-likelihood strain inference method, Strain Finder, allowing us to infer the genotypes of donor strains and to track them through patients' guts over time. Surprisingly, engraftment could be predicted largely from the abundance and phylogeny of bacteria in the donor and the pre-FMT patient. We also found that donor strains within a species engraft in an all-or-nothing manner and that previously undetected strains frequently colonize the patient after FMT. We validated these findings in another disease context, metabolic syndrome, suggesting that the same principles of engraftment extend to other indications. These findings may guide the design of bacterial therapeutics that target diseases ranging from ulcerative colitis to cancer.;Bad;Fecal microbiota transplantation (FMT) is a treatment for microbiome-associated diseases in which gut microbiota are transferred from a healthy donor to a patient. Although the success of FMT requires donor bacteria to engraft in the patient's gut, the forces governing bacterial engraftment in humans are unknown. Here, we use a vast, ongoing clinical experiment - the treatment of recurrent Clostridium difficile infection with FMT - to uncover the rules of engraftment in humans. First, we built a machine learning model that accurately predicts which bacterial species will engraft in a given host. We then developed a maximum-likelihood strain inference method, Strain Finder, allowing us to infer the genotypes of donor strains and to track them through patients' guts over time. Surprisingly, engraftment could be predicted largely from the abundance and phylogeny of bacteria in the donor and the pre-FMT patient. We also found that donor strains within a species engraft in an all-or-nothing manner and that previously undetected strains frequently colonize the patient after FMT. We validated these findings in another disease context, metabolic syndrome, suggesting that the same principles of engraftment extend to other indications. These findings may guide the design of bacterial therapeutics that target diseases ranging from ulcerative colitis to cancer.;ENA-FIRST-PUBLIC: 2017-11-21 || ENA-LAST-UPDATE: 2017-11-20;36;110;WGS data from FMT trial for the treatmen;0,327272727;FALSE;TRUE;human
128;ERP117493;The evolution and changing ecology of the African hominid oral microbiome;Other;The oral microbiome plays key roles in human biology, health, and disease, but little is known about the global diversity, variation, or evolution of this microbial community. To better understand the evolution and changing ecology of the human oral microbiome, we analysed 124 dental biofilm metagenomes from humans, including Neanderthals and Late Pleistocene to present-day modern humans, chimpanzees, and gorillas, as well as New World howler monkeys for comparison. We find that a core microbiome of primarily biofilm-structural taxa has been maintained throughout African hominid evolution, and these microbial groups are also shared with howler monkeys, suggesting that they have been important oral members since before the catarrhine-platyrrhine split ca. 40 million years ago. However, community structure and individual microbial phylogenies do not closely reflect host relationships, and the dental biofilms of Homo and chimpanzees are distinguished by major taxonomic and functional differences. Reconstructing oral metagenomes up to 100 thousand years ago, we show that the microbial profiles of both Neanderthals and modern humans are highly similar, sharing functional adaptations in nutrient metabolism. These include an apparent Homo-specific acquisition of salivary amylase-binding capability by oral streptococci, suggesting microbial co-adaptation with host diet. We additionally find evidence of shared genetic diversity in the oral bacteria of Neanderthal and Upper Palaeolithic modern humans that is not observed in later modern human populations. Differences in the oral microbiomes of African hominids provide insights into human evolution, the ancestral state of the human microbiome, and a temporal framework for understanding microbial health and disease.;Bad;The oral microbiome plays key roles in human biology, health, and disease, but little is known about the global diversity, variation, or evolution of this microbial community. To better understand the evolution and changing ecology of the human oral microbiome, we analysed 124 dental biofilm metagenomes from humans, including Neanderthals and Late Pleistocene to present-day modern humans, chimpanzees, and gorillas, as well as New World howler monkeys for comparison. We find that a core microbiome of primarily biofilm-structural taxa has been maintained throughout African hominid evolution, and these microbial groups are also shared with howler monkeys, suggesting that they have been important oral members since before the catarrhine-platyrrhine split ca. 40 million years ago. However, community structure and individual microbial phylogenies do not closely reflect host relationships, and the dental biofilms of Homo and chimpanzees are distinguished by major taxonomic and functional differences. Reconstructing oral metagenomes up to 100 thousand years ago, we show that the microbial profiles of both Neanderthals and modern humans are highly similar, sharing functional adaptations in nutrient metabolism. These include an apparent Homo-specific acquisition of salivary amylase-binding capability by oral streptococci, suggesting microbial co-adaptation with host diet. We additionally find evidence of shared genetic diversity in the oral bacteria of Neanderthal and Upper Palaeolithic modern humans that is not observed in later modern human populations. Differences in the oral microbiomes of African hominids provide insights into human evolution, the ancestral state of the human microbiome, and a temporal framework for understanding microbial health and disease.;ancient DNA || archaeogenetics || dental calculus || evolution || microbiome || oral microbiome || palaeogenetics || hominid || neanderthal || gorilla || human || chimpanzee || ENA-FIRST-PUBLIC: 2021-04-27 || ENA-LAST-UPDATE: 2021-04-15;1;115;The evolution and changing ecology of th;0,008695652;FALSE;FALSE;human
108;ERP113632;Human Gut Microbiota from Autism Spectrum Disorder Promote Behavioral Symptoms in Mice;Other;Social impairment is a major symptom of neuropsychiatric conditions, such as autism spectrum disorder (ASD), schizophrenia, anxiety and depression. While the microbiome has been linked to social interaction in animals, gut-brain connections that regulate this complex behavior remain entirely undescribed. Herein, we demonstrate that depletion of microbiota in mice not only impairs social behavior, but also activates specific brain regions related to canonical stress responses. Social deviation in germ-free and antibiotic-treated mice is associated with elevated levels of the stress hormone corticosterone, which is primarily produced via activation of hypothalamus-pituitary-adrenal (HPA) axis. Accordingly, removal of the adrenal gland, antagonism of the glucocorticoid receptor, and pharmacological inhibition of corticosterone synthesis effectively correct social deficits. Genetic ablation of the glucocorticoid receptor in specific brain regions and chemogenetic inactivation of hypothalamic neurons dramatically increase social behavior. Further, we identify specific bacterial metabolites that suppress activation of the HPA axis and improve social impairment. These findings reveal that the gut microbiome regulates social behavior by co-opting neuronal circuits that control stress responses in mice.;Bad;Social impairment is a major symptom of neuropsychiatric conditions, such as autism spectrum disorder (ASD), schizophrenia, anxiety and depression. While the microbiome has been linked to social interaction in animals, gut-brain connections that regulate this complex behavior remain entirely undescribed. Herein, we demonstrate that depletion of microbiota in mice not only impairs social behavior, but also activates specific brain regions related to canonical stress responses. Social deviation in germ-free and antibiotic-treated mice is associated with elevated levels of the stress hormone corticosterone, which is primarily produced via activation of hypothalamus-pituitary-adrenal (HPA) axis. Accordingly, removal of the adrenal gland, antagonism of the glucocorticoid receptor, and pharmacological inhibition of corticosterone synthesis effectively correct social deficits. Genetic ablation of the glucocorticoid receptor in specific brain regions and chemogenetic inactivation of hypothalamic neurons dramatically increase social behavior. Further, we identify specific bacterial metabolites that suppress activation of the HPA axis and improve social impairment. These findings reveal that the gut microbiome regulates social behavior by co-opting neuronal circuits that control stress responses in mice.;ENA-FIRST-PUBLIC: 2019-03-27 || ENA-LAST-UPDATE: 2019-03-27;1;117;Human Gut Microbiota from Autism Spectru;0,008547009;FALSE;FALSE;unknown
18;DRP006403;Gut Microbiota dysbiosis leads to the development and progression of multiple sclerosis;Other;We searched for specific bacterial species and gene functions involved in the pathogenesis of classical Western-type multiple sclerosis (CMS) by analyzing the gut microbial metagenomic gene sequence data of 62 relapsing-remitting CMS patients, 15 secondary progressive CMS patients, 21 atypical MS patients, 20 neuromyelitis optica spectrum disorder patients, and 55 age-matched healthy controls. We identified candidates of specific bacterial species and gene functions that are involved in the development and progression of MS.;Good - other disease;NA;NA;3;118;Gut Microbiota dysbiosis leads to the de;0,025423729;FALSE;TRUE;human
64;ERP017091;The gut microbiome in Crohn's disease and modulation by exclusive enteral nutrition;Other;AbstractBackgroundInflammatory bowel diseases (IBD), with Crohn’s disease (CD) being one of the primary types, have been extensively studied for genetic and gut microbial factors leading to its epidemic in the modern world. However, limited information using metagenomic shotgun-sequencing to pinpoint the gut microbial species and functions involved. Exclusive enteral nutrition (EEN) is a nutritional therapy used for disease-modifying treatment of CD, but its impact on the gut microbiome remains unclear. ResultsWe collected 123 stool samples from 49 CD patients, 14 of whom were resampled after 2 weeks of EEN, and 56 subjects with no disease. Metagenomic shotgun sequencing and analyses confirmed a decreased diversity in the gut microbiota of CD patients, and identified microbial species and potential functions altered in CD, most notably an increased ratio of hexa- to penta-acylated lipopolysaccharide (LPS). Some co-abundance gene groups (CAGs) including Parabacteroides distasonis, Bacteroides intestinalis, Ruminococcus sp. showed strong correlation with clinical indicators such as hs.CRP, Prealbumin, platelets and BMI. The entire cohort could be divided into three types according to their species composition, with Type A largely consisting of healthy controls and Type C containing exclusively CD or after EEN samples. Although compositional changes were generally mild after 2 weeks of EEN, remodeling of the gut microbial network could be observed.ConclusionsOur metagenomic dataset unlock the gut microbiome in CD for functional investigations. Microbiome-based stratification of CD patients before EEN might help optimize the therapy for wider applications.;Good - IBD and CD;AbstractBackgroundInflammatory bowel diseases (IBD), with Crohn’s disease (CD) being one of the primary types, have been extensively studied for genetic and gut microbial factors leading to its epidemic in the modern world. However, limited information using metagenomic shotgun-sequencing to pinpoint the gut microbial species and functions involved. Exclusive enteral nutrition (EEN) is a nutritional therapy used for disease-modifying treatment of CD, but its impact on the gut microbiome remains unclear. ResultsWe collected 123 stool samples from 49 CD patients, 14 of whom were resampled after 2 weeks of EEN, and 56 subjects with no disease. Metagenomic shotgun sequencing and analyses confirmed a decreased diversity in the gut microbiota of CD patients, and identified microbial species and potential functions altered in CD, most notably an increased ratio of hexa- to penta-acylated lipopolysaccharide (LPS). Some co-abundance gene groups (CAGs) including Parabacteroides distasonis, Bacteroides intestinalis, Ruminococcus sp. showed strong correlation with clinical indicators such as hs.CRP, Prealbumin, platelets and BMI. The entire cohort could be divided into three types according to their species composition, with Type A largely consisting of healthy controls and Type C containing exclusively CD or after EEN samples. Although compositional changes were generally mild after 2 weeks of EEN, remodeling of the gut microbial network could be observed.ConclusionsOur metagenomic dataset unlock the gut microbiome in CD for functional investigations. Microbiome-based stratification of CD patients before EEN might help optimize the therapy for wider applications.;NA;36;123;The gut microbiome in Crohn's disease an;0,292682927;FALSE;TRUE;human
6;DRP003861;Impacts of Intestinal microbiota on graft-versus-host disease and engraftment after hematopoietic stem cell transplant;Whole Genome Sequencing;The intestinal microbial ecology is perturbed after hematopoietic stem cell transplantation (dysbiosis). Dysbiosis may impact on onset of graft-versus host disease and engraftment. Fecal samples were sequentially collected after hematopoietic stem cell transplantation for 16S rRNA sequencing. Impact of oral administration of antimicrobial molecules on microbiota was also evaluated.;Bad;NA;NA;1;126;Impacts of Intestinal microbiota on graf;0,007936508;FALSE;FALSE;unknown
46;ERP012177;Metagenomic analysis of fecal microbiome as a tool towards targeted non-invasive biomarkers for colorectal cancer;Other;We performed a metagenome-wide association study on fecal samples from 74 CRC patients and 54 controls from China and validated the results in 16 patients and 24 controls from Denmark. We further validated the biomarkers in two published cohorts from France and Austria. Finally, we employed targeted quantitative PCR (qPCR) assays to evaluate the diagnostic potential of selected biomarkers in an independent Chinese cohort of 47 patients and 109 controls.;Good - CRC;We performed a metagenome-wide association study on fecal samples from 74 CRC patients and 54 controls from China and validated the results in 16 patients and 24 controls from Denmark. We further validated the biomarkers in two published cohorts from France and Austria. Finally, we employed targeted quantitative PCR (qPCR) assays to evaluate the diagnostic potential of selected biomarkers in an independent Chinese cohort of 47 patients and 109 controls.;NA;21;128;Metagenomic analysis of fecal microbiome;0,1640625;FALSE;FALSE;human
154;ERP126117;Cecal microbiota transfer rescues the antibiotic-induced acceleration of type 1 diabetes and alteration of intestinal gene expression;Other;Early-life antibiotic exposure perturbs the intestinal microbiota, alters innate intestinal immunity, and accelerates type 1 diabetes development in the NOD mouse model. Here we found that maternal cecal microbiota transfer (CMT) to NOD mice with early-life antibiotic perturbation partially rescued the induced T1D acceleration. The restoration effects on the intestinal microbiome were substantial and persistent, remediating the antibiotic-depleted diversity, relative abundance of particular taxa, and metabolic pathways. CMT also protected against perturbed cecal and serum metabolites and normalized innate and adaptive immune effectors. CMT restored patterns of ileal microRNA and histone regulation of gene expression and exon-splicing. Based on the analyses of experimental data, we propose an innate intestinal immune network involving CD44, TLR2, and Reg3-gamma, as well as their multiple microRNA and epigenetic regulators that sense intestinal signaling by the gut microbiota. This regulation affects downstream immunological tone, leading to protection against the tissue-specific T1D injury.;Bad;Early-life antibiotic exposure perturbs the intestinal microbiota, alters innate intestinal immunity, and accelerates type 1 diabetes development in the NOD mouse model. Here we found that maternal cecal microbiota transfer (CMT) to NOD mice with early-life antibiotic perturbation partially rescued the induced T1D acceleration. The restoration effects on the intestinal microbiome were substantial and persistent, remediating the antibiotic-depleted diversity, relative abundance of particular taxa, and metabolic pathways. CMT also protected against perturbed cecal and serum metabolites and normalized innate and adaptive immune effectors. CMT restored patterns of ileal microRNA and histone regulation of gene expression and exon-splicing. Based on the analyses of experimental data, we propose an innate intestinal immune network involving CD44, TLR2, and Reg3-gamma, as well as their multiple microRNA and epigenetic regulators that sense intestinal signaling by the gut microbiota. This regulation affects downstream immunological tone, leading to protection against the tissue-specific T1D injury.;ENA-FIRST-PUBLIC: 2021-03-01 || ENA-LAST-UPDATE: 2020-12-24;1;128;Cecal microbiota transfer rescues the an;0,0078125;FALSE;FALSE;unknown
142;ERP123874;Genomic insights into adaptations of TMA-utilizing methanogens to diverse habitats including the human gut;Other;"Methanomassiliicoccales are a lesser known component of the human gut microbiota. This archaeal order is composed of methane producers that use methylated amines, such as trimethylamine, in methane production. This group has only one cultured representative; how they adapted to inhabit the mammalian gut and how they interact with other microbes is largely unknown. Using bioinformatics methods applied to DNA from a wide range of samples, we profiled the relative abundances of these archaea in environmental and host-associated microbial communities. We observed two groups of Methanomassiliicoccales, one largely host-associated and one largely found in environmental samples, with some exceptions. When host-associated, these archaea have a distinct set of genes related to adhesion and possess genes related to bile resistance. We did not detect Methanomassiliicoccales in all human populations tested but when present, they are correlated with Bacteria known to produce trimethylamine. Since trimethylamine is linked to cardiovascular disease risk, these intriguing Archaea may also be involved.";Bad;"Methanomassiliicoccales are a lesser known component of the human gut microbiota. This archaeal order is composed of methane producers that use methylated amines, such as trimethylamine, in methane production. This group has only one cultured representative; how they adapted to inhabit the mammalian gut and how they interact with other microbes is largely unknown. Using bioinformatics methods applied to DNA from a wide range of samples, we profiled the relative abundances of these archaea in environmental and host-associated microbial communities. We observed two groups of Methanomassiliicoccales, one largely host-associated and one largely found in environmental samples, with some exceptions. When host-associated, these archaea have a distinct set of genes related to adhesion and possess genes related to bile resistance. We did not detect Methanomassiliicoccales in all human populations tested but when present, they are correlated with Bacteria known to produce trimethylamine. Since trimethylamine is linked to cardiovascular disease risk, these intriguing Archaea may also be involved.";ENA-FIRST-PUBLIC: 2020-09-14 || ENA-LAST-UPDATE: 2020-09-08;16;130;Genomic insights into adaptations of TMA;0,123076923;FALSE;FALSE;human
141;ERP123232;Gut Microbiomes of European Turkey and Veal Calf Herds;Other;Shotgun metagenomics sequencing results for pooled fecal samples collected from turkey and veal calf herds in four European countries.;Bad;Shotgun metagenomics sequencing results for pooled fecal samples collected from turkey and veal calf herds in four European countries.;ENA-FIRST-PUBLIC: 2020-09-07 || ENA-LAST-UPDATE: 2020-08-01;59;132;Gut Microbiomes of European Turkey and V;0,446969697;FALSE;FALSE;unknown
73;ERP024395;NEON;Metagenomics;Metagenomic data from  NEON, a long-term ecological monitoring project;Bad;NA;BROKER_OBJECT_ID: mgp13948 || BROKER_CUSTOMER_NAME: Lee Stanish || submitter_name || PI_email: lstanish@neoninc.org || organization_country || organization_address || project_description: Metagenomic data from  NEON, a long-term ecological monitoring project || organization || organization_url || PI_organization: NEON || project_name: NEON || envo_release: 2017-04-15 || PI_organization_address: Boulder, CO, USA || PI_organization_country: USA || project_funding: National Science Foundation || PI_organization_url: neonscience.org || ENA-FIRST-PUBLIC: 2017-08-06 || ENA-LAST-UPDATE: 2017-08-06;1;142;NEON;0,007042254;FALSE;FALSE;unknown
147;ERP124493;Global surveillance of antimicrobial resistance - batch June 2018;Other;Global surveillance of antimicrobial resistance June 2018;Bad;Global surveillance of antimicrobial resistance June 2018;DOI: 10.1038/s41467-022-34312-7 || ENA-FIRST-PUBLIC: 2021-06-24 || ENA-LAST-UPDATE: 2022-12-13;78;142;Global surveillance of antimicrobial res;0,549295775;FALSE;FALSE;unknown
31;ERP002469;Gut metagenome in European women with normal, impaired and diabetic glucose control;Metagenomics;Gut metagenome in European women with normal, impaired and diabetic glucose control;Good - other disease;NA;NA;12;145;Gut metagenome in European women with no;0,082758621;FALSE;FALSE;unknown
124;ERP117062;Hydrogen-based interactions underlie the widespread co-occurrence of the bacterial family Christensenellaceae and methanogens in the human gut;Other;Across human populations, 16S rRNA gene-based surveys of gut micro- biomes have revealed that the bacterial family Christensenellaceae and the archaeal family Methanobacteriaceae cooccur and are enriched in individuals with a lean, compared to an obese, body mass index (BMI). Whether these association patterns reflect interactions between metabolic partners, as well as whether these associa- tions play a role in the lean host phenotype with which they associate, remains to be ascertained. Here, we validated previously reported cooccurrence patterns of the two families and their association with a lean BMI with a meta-analysis of 1,821 met- agenomes derived from 10 independent studies. Furthermore, we report positive as- sociations at the genus and species levels between Christensenella spp. and Metha- nobrevibacter smithii, the most abundant methanogen of the human gut. By coculturing three Christensenella spp. with M. smithii, we show that Christensenella spp. efficiently support the metabolism of M. smithii via H2 production far better than Bacteroides thetaiotaomicron does. Christensenella minuta forms flocs colonized by M. smithii even when H2 is in excess. In culture with C. minuta, H2 consumption by M. smithii shifts the metabolic output of C. minuta's fermentation toward acetate rather than butyrate. Together, these results indicate that the widespread cooccur- rence of these microorganisms is underpinned by both physical and metabolic inter- actions. Their combined metabolic activity may provide insights into their association with a lean host BMI.;Bad;Across human populations, 16S rRNA gene-based surveys of gut micro- biomes have revealed that the bacterial family Christensenellaceae and the archaeal family Methanobacteriaceae cooccur and are enriched in individuals with a lean, compared to an obese, body mass index (BMI). Whether these association patterns reflect interactions between metabolic partners, as well as whether these associa- tions play a role in the lean host phenotype with which they associate, remains to be ascertained. Here, we validated previously reported cooccurrence patterns of the two families and their association with a lean BMI with a meta-analysis of 1,821 met- agenomes derived from 10 independent studies. Furthermore, we report positive as- sociations at the genus and species levels between Christensenella spp. and Metha- nobrevibacter smithii, the most abundant methanogen of the human gut. By coculturing three Christensenella spp. with M. smithii, we show that Christensenella spp. efficiently support the metabolism of M. smithii via H2 production far better than Bacteroides thetaiotaomicron does. Christensenella minuta forms flocs colonized by M. smithii even when H2 is in excess. In culture with C. minuta, H2 consumption by M. smithii shifts the metabolic output of C. minuta's fermentation toward acetate rather than butyrate. Together, these results indicate that the widespread cooccur- rence of these microorganisms is underpinned by both physical and metabolic inter- actions. Their combined metabolic activity may provide insights into their association with a lean host BMI.;ENA-FIRST-PUBLIC: 2019-12-30 || ENA-LAST-UPDATE: 2019-12-30;3;146;Hydrogen-based interactions underlie the;0,020547945;FALSE;FALSE;human
146;ERP124492;Global surveillance of antimicrobial resistance - batch November 2017;Other;Global surveillance of antimicrobial resistance November 2017;Bad;Global surveillance of antimicrobial resistance November 2017;DOI: 10.1038/s41467-022-34312-7 || ENA-FIRST-PUBLIC: 2021-06-24 || ENA-LAST-UPDATE: 2022-12-13;76;148;Global surveillance of antimicrobial res;0,513513514;FALSE;FALSE;unknown
145;ERP124466;Global surveillance of antimicrobial resistance - batch November 2018;Other;Global surveillance of antimicrobial resistance November 2018;Bad;Global surveillance of antimicrobial resistance November 2018;DOI: 10.1038/s41467-022-34312-7 || ENA-FIRST-PUBLIC: 2021-06-24 || ENA-LAST-UPDATE: 2022-12-13;89;150;Global surveillance of antimicrobial res;0,593333333;FALSE;FALSE;unknown
77;ERP104379;Evolutionary trends in host physiology outweigh dietary niche in structuring primate gut microbiomes;Other;A major theme in microbiome research is the strong effect of host diet on the composition and function of the gut microbiota. To this end, several studies have reported that hosts with similar evolutionary diet trends share key gut microbial traits that may facilitate the digestion of certain food resources. However, these studies rely heavily on samples from captive individuals and confound host phylogeny and gut morphology with diet. To more effectively test the impact of host evolutionary diet trends on the gut microbiota, we used 16S rRNA gene amplicon sequencing and shotgun metagenomics, comparing the gut microbiota of 18 species of wild non-human primates classified as either folivores or closely-related non-folivores, evenly distributed throughout the primate Order and representing a range of gut morphological specializations. While folivory does result in some convergent microbial traits, collectively we show that the influence of host phylogeny on both gut microbial composition and function is much stronger than that of diet. Our findings indicate that the gut microbiota is strongly constrained by evolutionary trends in host physiology and that its response to diet may be less dynamic than frequently described. More care must be taken to consider bidirectional interactions between host physiology and the gut microbiota when designing and interpreting microbiome studies, and common assumptions that specific host-gut microbe interactions can be extrapolated across a range of host species must be re-evaluated.;Bad;A major theme in microbiome research is the strong effect of host diet on the composition and function of the gut microbiota. To this end, several studies have reported that hosts with similar evolutionary diet trends share key gut microbial traits that may facilitate the digestion of certain food resources. However, these studies rely heavily on samples from captive individuals and confound host phylogeny and gut morphology with diet. To more effectively test the impact of host evolutionary diet trends on the gut microbiota, we used 16S rRNA gene amplicon sequencing and shotgun metagenomics, comparing the gut microbiota of 18 species of wild non-human primates classified as either folivores or closely-related non-folivores, evenly distributed throughout the primate Order and representing a range of gut morphological specializations. While folivory does result in some convergent microbial traits, collectively we show that the influence of host phylogeny on both gut microbial composition and function is much stronger than that of diet. Our findings indicate that the gut microbiota is strongly constrained by evolutionary trends in host physiology and that its response to diet may be less dynamic than frequently described. More care must be taken to consider bidirectional interactions between host physiology and the gut microbiota when designing and interpreting microbiome studies, and common assumptions that specific host-gut microbe interactions can be extrapolated across a range of host species must be re-evaluated.;ENA-FIRST-PUBLIC: 2018-07-13 || ENA-LAST-UPDATE: 2018-07-13;2;154;Evolutionary trends in host physiology o;0,012987013;FALSE;FALSE;human
113;ERP114775;The Canadian Healthy Infant Longitudinal Development (CHILD) study is a multicenter longitudinal, prospective, general population birth cohort study. This study used a nested case-controlled design to analyze the functional potential of the fecal microbiome in infants enrolled in the CHILD Study. We selected 3-month and 1-year stool samples from an atopy enriched subset of children from one enrollment center (Vancouver). DNA was extracted from stool samples and submitted for shotgun metagenome sequencing.;Other;Allergic disease is the most frequent chronic health issue in children and has been linked to early life gut microbiome dysbiosis. Many lines of evidence suggest that microbially derived short-chain fatty acids, and particularly butyrate, can promote immune tolerance. We used shotgun metagenomic analysis to determine whether dysbiosis in butyrate fermentation could be identified in human infants, prior to their developing allergic disease. We found that the microbiome of infants that went on to develop allergic sensitization later in childhood lacked genes encoding key enzymes for carbohydrate breakdown and butyrate production. Our findings support the importance of microbial carbohydrate metabolism during early infancy in protecting against development of allergies and suggest metabolite therapy as a potential prevention strategy.;Good - other disease;Allergic disease is the most frequent chronic health issue in children and has been linked to early life gut microbiome dysbiosis. Many lines of evidence suggest that microbially derived short-chain fatty acids, and particularly butyrate, can promote immune tolerance. We used shotgun metagenomic analysis to determine whether dysbiosis in butyrate fermentation could be identified in human infants, prior to their developing allergic disease. We found that the microbiome of infants that went on to develop allergic sensitization later in childhood lacked genes encoding key enzymes for carbohydrate breakdown and butyrate production. Our findings support the importance of microbial carbohydrate metabolism during early infancy in protecting against development of allergies and suggest metabolite therapy as a potential prevention strategy.;ENA-FIRST-PUBLIC: 2019-06-11 || ENA-LAST-UPDATE: 2019-04-11;14;156;The Canadian Healthy Infant Longitudinal;0,08974359;FALSE;FALSE;human
114;ERP115260;Faecal virome transplantation decreases symptoms of type-2-diabetes and obesity in a murine model;Other;ABSTRACT Objective: Development of obesity and type-2-diabetes (T2D) are associated with gut microbiota (GM) changes. The gut viral community is predominated by bacteriophages (phages), which are viruses that attack bacteria in a host-specific manner. The antagonistic behaviour of phages have the potential to alter the GM. As a proof-of-concept we demonstrate the efficacy of faecal virome transplantation (FVT) from lean donors for shifting the phenotype of obese mice into closer resemblance of lean mice. Design: The FVT consisted of viromes with distinct profiles extracted from the caecal content of mice from different vendors that were fed a low-fat (LF) diet for 14 weeks. Male C57BL/6NTac mice were divided into five groups: LF (as diet control), high-fat diet (HF), HF+Ampicillin (Amp), HF+Amp+FVT and HF+FVT. At week six and seven of the study the HF+FVT and HF+Amp+FVT mice were treated with FVT by oral gavage. The Amp groups were treated with ampicillin 24 h prior to first FVT treatment. Results: Six weeks after first FVT the HF+FVT mice showed a significant decrease in weight gain compared to the HF group. Further, glucose tolerance was comparable between the LF and HF+FVT mice, while the other HF groups all had impaired glucose tolerance. These observations were supported by significant shifts in GM composition, blood plasma metabolome, and expression levels of genes associated with obesity and T2D development.  Conclusions: Transfer of caecal viral communities from mice with a lean phenotype into mice with an obese phenotype led to reduced weight gain and normalised blood glucose parameters relatively to lean mice. We hypothesise that this effect is mediated via FVT-induced GM changes.;Bad;ABSTRACT Objective: Development of obesity and type-2-diabetes (T2D) are associated with gut microbiota (GM) changes. The gut viral community is predominated by bacteriophages (phages), which are viruses that attack bacteria in a host-specific manner. The antagonistic behaviour of phages have the potential to alter the GM. As a proof-of-concept we demonstrate the efficacy of faecal virome transplantation (FVT) from lean donors for shifting the phenotype of obese mice into closer resemblance of lean mice. Design: The FVT consisted of viromes with distinct profiles extracted from the caecal content of mice from different vendors that were fed a low-fat (LF) diet for 14 weeks. Male C57BL/6NTac mice were divided into five groups: LF (as diet control), high-fat diet (HF), HF+Ampicillin (Amp), HF+Amp+FVT and HF+FVT. At week six and seven of the study the HF+FVT and HF+Amp+FVT mice were treated with FVT by oral gavage. The Amp groups were treated with ampicillin 24 h prior to first FVT treatment. Results: Six weeks after first FVT the HF+FVT mice showed a significant decrease in weight gain compared to the HF group. Further, glucose tolerance was comparable between the LF and HF+FVT mice, while the other HF groups all had impaired glucose tolerance. These observations were supported by significant shifts in GM composition, blood plasma metabolome, and expression levels of genes associated with obesity and T2D development.  Conclusions: Transfer of caecal viral communities from mice with a lean phenotype into mice with an obese phenotype led to reduced weight gain and normalised blood glucose parameters relatively to lean mice. We hypothesise that this effect is mediated via FVT-induced GM changes.;ENA-FIRST-PUBLIC: 2020-02-24 || ENA-LAST-UPDATE: 2020-02-24;2;158;Faecal virome transplantation decreases ;0,012658228;FALSE;FALSE;unknown
149;ERP124888;Metagenomic Analysis of Sewage for Surveillance of Bacterial Pathogens: A Release Experiment to Determine Sensitivity;Other;Accurate monitoring of orally-faecally transmitted, gastro-enteric diseases in a population poses a challenge in public health management. Sewage represents a larger population, is freely obtainable and non-subject to approval. In addition, metagenomic sequencing offers simultaneous, multiple-target analysis. However, no study has ever demonstrated the sensitivity of metagenomics applied in this fashion before, in terms of number of ill persons.In this study, we spot-released 1013 colony-forming units (CFU) of Staphyloccus hyicus (S. hyicus, non-pathogenetic strain 842J-88) and 1014 CFU of Thalassobacillus hwangdonensis (T. hwangdonensis). The analytes were flushed down a toilet into the sewer in the catchment area of a public wastewater treatment plant (WWTP), serving a population of 36,000 people. Raw sewage was continuously sampled at the WWTPs inlet over 30- and 60-minute intervals and a total period of eight hours. The experiment was conducted twice with one week in-between release days and under comparable weather conditions.For the metagenomics analyses, a pure single isolate of S. hyicus was grown, sequenced, assembled and added to a large database of reference sequences. The sewage samples were mapped against the reference database. S. hyicus was identified on both release days. The overall mean sensitivity was 52 diarrhoeic persons, computed as simultaneously shedding 200 g of faeces at 106 CFU of analyte. That equalled 0.15 percent of the population of the WWTPs catchment area. No T. hwangdonensis was detected in any of the samples. We successfully demonstrated a repeatable release of a bacterial agent into the sewage system, retrieving and detecting it in a quantitative fashion. Sewage may be used to monitor the transmission of some faecally shed bacteria in a population. However, our results also show that suitability and sensitivity may have to be assessed a new for every analyte and experimental setup.;Bad;Accurate monitoring of orally-faecally transmitted, gastro-enteric diseases in a population poses a challenge in public health management. Sewage represents a larger population, is freely obtainable and non-subject to approval. In addition, metagenomic sequencing offers simultaneous, multiple-target analysis. However, no study has ever demonstrated the sensitivity of metagenomics applied in this fashion before, in terms of number of ill persons.In this study, we spot-released 1013 colony-forming units (CFU) of Staphyloccus hyicus (S. hyicus, non-pathogenetic strain 842J-88) and 1014 CFU of Thalassobacillus hwangdonensis (T. hwangdonensis). The analytes were flushed down a toilet into the sewer in the catchment area of a public wastewater treatment plant (WWTP), serving a population of 36,000 people. Raw sewage was continuously sampled at the WWTPs inlet over 30- and 60-minute intervals and a total period of eight hours. The experiment was conducted twice with one week in-between release days and under comparable weather conditions.For the metagenomics analyses, a pure single isolate of S. hyicus was grown, sequenced, assembled and added to a large database of reference sequences. The sewage samples were mapped against the reference database. S. hyicus was identified on both release days. The overall mean sensitivity was 52 diarrhoeic persons, computed as simultaneously shedding 200 g of faeces at 106 CFU of analyte. That equalled 0.15 percent of the population of the WWTPs catchment area. No T. hwangdonensis was detected in any of the samples. We successfully demonstrated a repeatable release of a bacterial agent into the sewage system, retrieving and detecting it in a quantitative fashion. Sewage may be used to monitor the transmission of some faecally shed bacteria in a population. However, our results also show that suitability and sensitivity may have to be assessed a new for every analyte and experimental setup.;ENA-FIRST-PUBLIC: 2021-11-03 || ENA-LAST-UPDATE: 2021-11-03;18;160;Metagenomic Analysis of Sewage for Surve;0,1125;FALSE;FALSE;environmenal
97;ERP110223;Impact of antibiotics on the human gut microbiome and resistome;Other;Two patient cohorts received either cotrimoxazole (ID 1 - Id 29) or ciprofloxacin (ID 504 - ID 538). Stool samples were collected at baseline before treatment (t0), one day (t1) and three days (t2) after treatment start and at the end of treatment (mx. day 7, t3). Samples were subjected to shotgun metagenomics on a HiSeq machine, using a paired-end approach with 2 x 150 bp and a 550 bp insert size.;Antibiotics;Two patient cohorts received either cotrimoxazole (ID 1 - Id 29) or ciprofloxacin (ID 504 - ID 538). Stool samples were collected at baseline before treatment (t0), one day (t1) and three days (t2) after treatment start and at the end of treatment (mx. day 7, t3). Samples were subjected to shotgun metagenomics on a HiSeq machine, using a paired-end approach with 2 x 150 bp and a 550 bp insert size.;ENA-FIRST-PUBLIC: 2019-07-31 || ENA-LAST-UPDATE: 2018-08-03;12;164;Impact of antibiotics on the human gut m;0,073170732;FALSE;FALSE;human
118;ERP115555;Wild primate microbiomes prevent obesity in germ-free mice;Other;The gut microbiome harbors trillions of bacteria that play a major role in dietary nutrient extraction and host metabolism. Metabolic diseases such as obesity and diabetes are correlated with shifts in microbiome composition and have been on the rise in Westernized countries. At the same time, Westernized diets low in dietary fiber have been shown to cause loss of gut microbial diversity. However, the link between microbiome composition, loss of dietary fiber, and obesity has not been shown. To study the interactions between gut microbiota, dietary fiber, and obesity, we transplanted captive and wild primate gut microbiota into germ-free mice and then exposed them to either a high- or low-fiber diet. The group receiving captive primate microbiota gained significantly more weight, regardless of diet, while mice receiving a high-fiber diet and wild primate microbiota remained healthy. In the presence of a low-fiber diet, the wild primate microbiota partially prevented weight gain. Using 16s rRNA gene sequencing we identified key bacterial taxa in each group, specifically a high abundance of Bacteroidetes in captive donor mice and a higher abundance of Firmicutes in the wild-donor mice. These results suggest that wild NHP microbiota could serve as a reservoir for potentially protective therapeutic microbes for cross-species transplants.;Bad;The gut microbiome harbors trillions of bacteria that play a major role in dietary nutrient extraction and host metabolism. Metabolic diseases such as obesity and diabetes are correlated with shifts in microbiome composition and have been on the rise in Westernized countries. At the same time, Westernized diets low in dietary fiber have been shown to cause loss of gut microbial diversity. However, the link between microbiome composition, loss of dietary fiber, and obesity has not been shown. To study the interactions between gut microbiota, dietary fiber, and obesity, we transplanted captive and wild primate gut microbiota into germ-free mice and then exposed them to either a high- or low-fiber diet. The group receiving captive primate microbiota gained significantly more weight, regardless of diet, while mice receiving a high-fiber diet and wild primate microbiota remained healthy. In the presence of a low-fiber diet, the wild primate microbiota partially prevented weight gain. Using 16s rRNA gene sequencing we identified key bacterial taxa in each group, specifically a high abundance of Bacteroidetes in captive donor mice and a higher abundance of Firmicutes in the wild-donor mice. These results suggest that wild NHP microbiota could serve as a reservoir for potentially protective therapeutic microbes for cross-species transplants.;ENA-FIRST-PUBLIC: 2019-08-01 || ENA-LAST-UPDATE: 2019-05-31;2;164;Wild primate microbiomes prevent obesity;0,012195122;FALSE;TRUE;unknown
94;ERP109726;Global surveillance of antimicrobial resistance - Batch June 2017;Other;Global surveillance of antimicrobial resistance June 2017;Bad;Global surveillance of antimicrobial resistance June 2017;DOI: 10.1038/s41467-022-34312-7 || ENA-FIRST-PUBLIC: 2020-07-01 || ENA-LAST-UPDATE: 2022-12-13;95;167;Global surveillance of antimicrobial res;0,568862275;FALSE;FALSE;unknown
152;ERP125879;Earth Microbiome Project Multi-omics (EMP500);Other;"The Earth Microbiome Project Multi-omics component (EMP500) involves amplicon and shotgun metagenomic sequencing and metabolomic profiling of over five hundred microbial communities from diverse environments on our planet. We developed new protocols for shotgun metagenomic sequencing and assembly, with the goal of applying this workflow to a range of environmental samples, combined with metabolomic profiling. 16S, 18S, and ITS amplicon sequencing was done in addition. We acquired a set of &gt;500 fresh environmental samples across a range of habitats, with the help of the EMP network of collaborators. A biobank of frozen aliquots for all samples is maintained at UCSD (soil samples stored at the Pacific Northwest National Laboratory) for future methods testing and analysis.";Bad;NA;ENA-FIRST-PUBLIC: 2020-12-16 || ENA-LAST-UPDATE: 2020-12-15;7;173;Earth Microbiome Project Multi-omics (EM;0,040462428;FALSE;FALSE;unknown
155;ERP126206;Impact of azithromycin mass drug administration on the antibiotic resistant gut microbiome: a randomized, controlled trial;Other;"Mass drug administration (MDA) with azithromycin is the primary strategy for global trachoma control efforts. Numerous studies have reported secondary effects of MDA with azithromycin, including reductions in childhood mortality, diarrhoeal disease and malaria. Most recently, the MORDOR clinical trial demonstrated that treatment led to an overall reduction in all-cause childhood mortality in targeted communities. There is however considerable concern about the potential of increased antimicrobial resistance in treated communities.This study evaluated the impact of azithromycin MDA on prevalence of gastrointestinal carriage of macrolide-resistant bacteria in communities within the MORDOR Malawi study site, while additionally profiling changes in the gut microbiome after treatment. For faecal metagenomics, 60 children were sampled prior to treatment and 122 children after four rounds of MDA, half receiving azithromycin and half placebo.The proportion of bacteria carrying macrolide resistance increased after azithromycin treatment; the effect was enhanced in children treated within six months of sampling. Diversity and global community structure of the gut was minimally impacted by treatment, however abundance of several individual species was altered by treatment. Notably, the putative human enteropathogen Escherichia albertii was more abundant after treatment.The impacts of MDA with azithromycin, including increased carriage of macrolide resistant bacteria, were enhanced in children treated more recently, suggesting effects may be transient. Increased abundance of enteropathogenic Escherichia species after treatment requires further, higher resolution investigation. Future studies should focus on the number of treatments and administration schedule to ensure clinical benefits continue to outweigh costs in antimicrobial resistance carriage.";Antibiotics;"Mass drug administration (MDA) with azithromycin is the primary strategy for global trachoma control efforts. Numerous studies have reported secondary effects of MDA with azithromycin, including reductions in childhood mortality, diarrhoeal disease and malaria. Most recently, the MORDOR clinical trial demonstrated that treatment led to an overall reduction in all-cause childhood mortality in targeted communities. There is however considerable concern about the potential of increased antimicrobial resistance in treated communities.This study evaluated the impact of azithromycin MDA on prevalence of gastrointestinal carriage of macrolide-resistant bacteria in communities within the MORDOR Malawi study site, while additionally profiling changes in the gut microbiome after treatment. For faecal metagenomics, 60 children were sampled prior to treatment and 122 children after four rounds of MDA, half receiving azithromycin and half placebo.The proportion of bacteria carrying macrolide resistance increased after azithromycin treatment; the effect was enhanced in children treated within six months of sampling. Diversity and global community structure of the gut was minimally impacted by treatment, however abundance of several individual species was altered by treatment. Notably, the putative human enteropathogen Escherichia albertii was more abundant after treatment.The impacts of MDA with azithromycin, including increased carriage of macrolide resistant bacteria, were enhanced in children treated more recently, suggesting effects may be transient. Increased abundance of enteropathogenic Escherichia species after treatment requires further, higher resolution investigation. Future studies should focus on the number of treatments and administration schedule to ensure clinical benefits continue to outweigh costs in antimicrobial resistance carriage.";ENA-FIRST-PUBLIC: 2021-04-01 || ENA-LAST-UPDATE: 2021-01-06;55;186;Impact of azithromycin mass drug adminis;0,295698925;FALSE;FALSE;human
51;ERP013563;Gut microbiome-dependent stratification of patients for anti-diabetic treatment;Other;Dysbosis of intestinal microbiota could contribute to the pathogenesis of Type 2 Diabetes. It is yet to be known whether intestinal flora could be related to differential responds to antidiabetic therapies. This study, herein for the first time, metagenomic sequenced fecal samples from a randomized clinical trial on new onset untreated Type 2 Diabetes patients applied two treatment arms, Acarbose and Glipizide (Sulfonylurea) and analyzed the differential responses of intestinal flora in different groups. Results showed substantial impact of Acarbose on gut microbiota community but minor of Glipizide. Enterotypes with similar baseline clinical characteristics, had significant different pharmacologic respond to Acarbose on insulin resistance, gut hormones, bile acids and cardiovascular risks, indicating that different pattern of intestinal microbiota component could determine different responses of Type 2 Diabetes to antidiabetic pharmacological therapies.;;Dysbosis of intestinal microbiota could contribute to the pathogenesis of Type 2 Diabetes. It is yet to be known whether intestinal flora could be related to differential responds to antidiabetic therapies. This study, herein for the first time, metagenomic sequenced fecal samples from a randomized clinical trial on new onset untreated Type 2 Diabetes patients applied two treatment arms, Acarbose and Glipizide (Sulfonylurea) and analyzed the differential responses of intestinal flora in different groups. Results showed substantial impact of Acarbose on gut microbiota community but minor of Glipizide. Enterotypes with similar baseline clinical characteristics, had significant different pharmacologic respond to Acarbose on insulin resistance, gut hormones, bile acids and cardiovascular risks, indicating that different pattern of intestinal microbiota component could determine different responses of Type 2 Diabetes to antidiabetic pharmacological therapies.;NA;33;188;Gut microbiome-dependent stratification ;0,175531915;FALSE;FALSE;human
99;ERP110418;Culture-enriched human gut microbiomes reveal core and accessory resistance genes;Other;In this study, we used culture enrichment of stools to reveal lower abundance bacteria by high-throughput sequencing. We sequenced fecal bacteria growing under four culture conditions from 24 individuals, before and after use of antibiotics (day 0 and day 7). Overall, 187 species of bacteria had an assembly size greater than 1 million nucleotides, 67 species achieved it only under culture conditions and 22 only in culture-independent fecal microbiomes.The four culture conditions are : (i) MCDA maximum enrichment broth anaerobic culture (MEB-ANA)(ii) MCDA maximum enrichment broth aerobic culture (air enriched with 5% CO2) (MEB-CO2), (iii) MCDA anaerobic culture in presence of 32µg/ml cefoxitin (FOX-ANA)(iv) MCDA aerobic (with 5% CO2) culture in presence of 32µg/ml cefoxitin (FOX-CO2);Bad;In this study, we used culture enrichment of stools to reveal lower abundance bacteria by high-throughput sequencing. We sequenced fecal bacteria growing under four culture conditions from 24 individuals, before and after use of antibiotics (day 0 and day 7). Overall, 187 species of bacteria had an assembly size greater than 1 million nucleotides, 67 species achieved it only under culture conditions and 22 only in culture-independent fecal microbiomes.The four culture conditions are : (i) MCDA maximum enrichment broth anaerobic culture (MEB-ANA)(ii) MCDA maximum enrichment broth aerobic culture (air enriched with 5% CO2) (MEB-CO2), (iii) MCDA anaerobic culture in presence of 32µg/ml cefoxitin (FOX-ANA)(iv) MCDA aerobic (with 5% CO2) culture in presence of 32µg/ml cefoxitin (FOX-CO2);ENA-FIRST-PUBLIC: 2018-10-14 || ENA-LAST-UPDATE: 2018-08-16;28;191;Culture-enriched human gut microbiomes r;0,146596859;FALSE;FALSE;unknown
58;ERP015450;Hypertension is one of the most prevalent cardiovascular diseases worldwide. Recent findings have identified a link between gut microbiota and blood pressure, yet the contributions of gut microbes and bacterial metabolites towards hypertension remain largely uncharacterized. We carried out metagenomic and metabonomics analyses, in combination with faecal microbiota transplantation, and elucidate that dysbiosis of gut microbiome triggers the pathogenesis of hypertension through altering the metabolic effects.;Other;Hypertension is one of the most prevalent cardiovascular diseases worldwide. Recent findings have identified a link between gut microbiota and blood pressure, yet the contributions of gut microbes and bacterial metabolites towards hypertension remain largely uncharacterized. We carried out metagenomic and metabonomics analyses, in combination with faecal microbiota transplantation, and elucidate that dysbiosis of gut microbiome triggers the pathogenesis of hypertension through altering the metabolic effects. Notably, we demonstrate similar discrepancy of microbial compositional and functional features in pre-hypertension and hypertension when compared with the controls, highlighting varied intestinal microbiota in prehypertensive populations. The impairment of host metabolism in pre-hypertension and hypertension was identified to be closely linked with dysbiotic gut microbiome. The hypertensive phenotype was transferrable from hypertension patients to germ-free mice by faecal transplant. Overall, our results explicate a novel role for aberrant gut microbiota as key contributor to the pathogenesis of hypertension, and emphasize the significance of early intervention for pre-hypertension.;Good - other disease;Hypertension is one of the most prevalent cardiovascular diseases worldwide. Recent findings have identified a link between gut microbiota and blood pressure, yet the contributions of gut microbes and bacterial metabolites towards hypertension remain largely uncharacterized. We carried out metagenomic and metabonomics analyses, in combination with faecal microbiota transplantation, and elucidate that dysbiosis of gut microbiome triggers the pathogenesis of hypertension through altering the metabolic effects. Notably, we demonstrate similar discrepancy of microbial compositional and functional features in pre-hypertension and hypertension when compared with the controls, highlighting varied intestinal microbiota in prehypertensive populations. The impairment of host metabolism in pre-hypertension and hypertension was identified to be closely linked with dysbiotic gut microbiome. The hypertensive phenotype was transferrable from hypertension patients to germ-free mice by faecal transplant. Overall, our results explicate a novel role for aberrant gut microbiota as key contributor to the pathogenesis of hypertension, and emphasize the significance of early intervention for pre-hypertension.;NA;27;196;Hypertension is one of the most prevalen;0,137755102;FALSE;FALSE;human
86;ERP105838;Selective maternal seeding and environment shape the human gut microbiome;Other;Vertical transmission of bacteria from mother to infant at birth is assumed to initiate a life-long host-microbe symbiosis. Maternal bacteria are expected to seed the infant intestine and thus play an important role in early development. However, only tracking of strictly defined microbial strains can clarify where the intestinal bacteria come from, how long the initial colonisers persist and whether colonisation by other strains from the environment can replace existing ones. Using rare single nucleotide variants in faecal metagenomes of infants and their family members, we show strong evidence of selective and persistent transmission of maternal strain populations to the vaginally born infant, and their occasional replacement by strains from the environment, including those from family members, in later childhood. Only strains from the classes Actinobacteria and Bacteroidia, which are essential components of the infant microbiome, are transmitted from the mother and persist for at least one year. In contrast, maternal strains of Clostridia, a dominant class in the mother's gut microbiome, are not observed in the infant. Instead, Clostridia strains are recruited from the environment early on, and fail to colonise persistently until after the first year. Caesarean-born infants showed a striking lack of maternal transmission at birth. For all children analysed, strain influx from the family environment was observed, peaking after the first year. Furthermore, even in adulthood strain sharing between family members, including spouses and siblings, is more common than between unrelated individuals. This suggests that re-colonisation occurs in adulthood. When studying families, fathers appear to be more frequently donors of novel strains to other family members than receivers. Taken together, after selective maternal seeding of the infant gut, species from the environment are recruited, with a rare but continuing strain influx over time.;Good;Vertical transmission of bacteria from mother to infant at birth is assumed to initiate a life-long host-microbe symbiosis. Maternal bacteria are expected to seed the infant intestine and thus play an important role in early development. However, only tracking of strictly defined microbial strains can clarify where the intestinal bacteria come from, how long the initial colonisers persist and whether colonisation by other strains from the environment can replace existing ones. Using rare single nucleotide variants in faecal metagenomes of infants and their family members, we show strong evidence of selective and persistent transmission of maternal strain populations to the vaginally born infant, and their occasional replacement by strains from the environment, including those from family members, in later childhood. Only strains from the classes Actinobacteria and Bacteroidia, which are essential components of the infant microbiome, are transmitted from the mother and persist for at least one year. In contrast, maternal strains of Clostridia, a dominant class in the mother's gut microbiome, are not observed in the infant. Instead, Clostridia strains are recruited from the environment early on, and fail to colonise persistently until after the first year. Caesarean-born infants showed a striking lack of maternal transmission at birth. For all children analysed, strain influx from the family environment was observed, peaking after the first year. Furthermore, even in adulthood strain sharing between family members, including spouses and siblings, is more common than between unrelated individuals. This suggests that re-colonisation occurs in adulthood. When studying families, fathers appear to be more frequently donors of novel strains to other family members than receivers. Taken together, after selective maternal seeding of the infant gut, species from the environment are recruited, with a rare but continuing strain influx over time.;ENA-FIRST-PUBLIC: 2018-02-12 || ENA-LAST-UPDATE: 2017-12-20;14;215;Selective maternal seeding and environme;0,065116279;FALSE;FALSE;human
92;ERP108994;VETII samples;Other;"The samples relate to the Danish VETII project regarding the relationship between antimicrobial usage in finishing pigs and antimicrobial resistance in their gut microbiome. Five different sub-projects are included; 1. Pilot project containing 10 farms (P), 2. Observational project containing 83 farms, 3. Rearing time related longitudinal study in 6 of the 83 farms, thus both weaners (W) and finishing pigs were sampled in those farms. 4. 2x2 split (A,B) sampling project in 4 of the 83 farms, and 5. Production cycle longitudinal study in 52 of the 83 farms, thus the second sampling was performed two finishing pig production cycles after the first sampling. Sampling took place from Marts 2014 to July 2016. Each faeces sample from a farm consists of 30 individual pig faeces samples pooled into one.";Bad;"The samples relate to the Danish VETII project regarding the relationship between antimicrobial usage in finishing pigs and antimicrobial resistance in their gut microbiome. Five different sub-projects are included; 1. Pilot project containing 10 farms (P), 2. Observational project containing 83 farms, 3. Rearing time related longitudinal study in 6 of the 83 farms, thus both weaners (W) and finishing pigs were sampled in those farms. 4. 2x2 split (A,B) sampling project in 4 of the 83 farms, and 5. Production cycle longitudinal study in 52 of the 83 farms, thus the second sampling was performed two finishing pig production cycles after the first sampling. Sampling took place from Marts 2014 to July 2016. Each faeces sample from a farm consists of 30 individual pig faeces samples pooled into one.";ENA-FIRST-PUBLIC: 2018-05-30 || ENA-LAST-UPDATE: 2018-05-25;46;220;VETII samples;0,209090909;FALSE;FALSE;unknown
93;ERP109094;Global surveillance of antimicrobial resistance;Other;Antimicrobial resistance (AMR) is one of the most serious global public health threats, however, obtaining representative data on AMR for healthy human populations is difficult. We characterized the bacterial resistome from untreated sewage from 79 sites in 60 countries. We found systematic differences in abundance and diversity of AMR genes between Europe/North-America/Oceania and Africa/Asia/South-America. Antimicrobial use data only explained a minor part of the AMR variation and no evidence for cross-selection between antimicrobial classes nor effect of travel by flight between sites were found. However, AMR abundance was strongly correlated with socio-economic, health and environmental factors, which we used to predict AMR abundances in all countries in the world. Our findings suggest that the global AMR gene diversity and abundance varies by region and are caused by national circumstances. Improving sanitation and health could potentially limit the global burden of AMR. We propose to use sewage for an ethically acceptable and economically feasible continuous global surveillance and prediction of AMR.;Bad;Antimicrobial resistance (AMR) is one of the most serious global public health threats, however, obtaining representative data on AMR for healthy human populations is difficult. We characterized the bacterial resistome from untreated sewage from 79 sites in 60 countries. We found systematic differences in abundance and diversity of AMR genes between Europe/North-America/Oceania and Africa/Asia/South-America. Antimicrobial use data only explained a minor part of the AMR variation and no evidence for cross-selection between antimicrobial classes nor effect of travel by flight between sites were found. However, AMR abundance was strongly correlated with socio-economic, health and environmental factors, which we used to predict AMR abundances in all countries in the world. Our findings suggest that the global AMR gene diversity and abundance varies by region and are caused by national circumstances. Improving sanitation and health could potentially limit the global burden of AMR. We propose to use sewage for an ethically acceptable and economically feasible continuous global surveillance and prediction of AMR.;ENA-FIRST-PUBLIC: 2018-06-14 || ENA-LAST-UPDATE: 2018-05-31;67;235;Global surveillance of antimicrobial res;0,285106383;FALSE;TRUE;human
80;ERP104703;A catalog of the Sprague-Dawley (SD) rat gut metagenome;Other;As no gene set of the gut microbiome had been previously established for SD rat, here we describe the BGISEQ-500-based metagenomic sequencing, assembly and characterization of 5.3 million non-redundant microbial genes, derived from 651.2 Gb of single-end sequence and 611 Gb of paired-end sequence, from ninety-eight fecal samples were collected from 7 individual groups at 2 different time points (Day 0 and Day 30). Maybe it limits coverage of global microbiome diversity of Rat, but it is a first gene catalogue of Rat of strain Sprague-Dawley which is a good animal model for arthritis research;Bad;As no gene set of the gut microbiome had been previously established for SD rat, here we describe the BGISEQ-500-based metagenomic sequencing, assembly and characterization of 5.3 million non-redundant microbial genes, derived from 651.2 Gb of single-end sequence and 611 Gb of paired-end sequence, from ninety-eight fecal samples were collected from 7 individual groups at 2 different time points (Day 0 and Day 30). Maybe it limits coverage of global microbiome diversity of Rat, but it is a first gene catalogue of Rat of strain Sprague-Dawley which is a good animal model for arthritis research;ENA-FIRST-PUBLIC: 2017-10-20 || ENA-LAST-UPDATE: 2017-10-11;44;245;A catalog of the Sprague-Dawley (SD) rat;0,179591837;FALSE;FALSE;unknown
11;DRP005095;Development of prediction and control technology for coastal fishery damage by marine microbial analysis;Metagenomics;We developed the metagenomic database of microbial DNA to identify indicator microorganisms used for predicting the occurrence of red tide, and develop marine environment assessment technology.;Bad;NA;NA;3;248;Development of prediction and control te;0,012096774;FALSE;FALSE;unknown
50;ERP013562;Gut microbial dysbiosis in young adults with obesity;Other;Obesity has become a global epidemic as a high risk factor for type 2 diabetes, cardiovascular diseases and cancer. Besides human genetics, our gut microbiome is another contributor to human obesity. Here we perform metagenome-wide association studies (MGWAS) on fecal samples from a case-control cohort including 95 Chinese young adults with obesity and 105 normal-weight controls, and 23 obese patients after weight-loss treatment. We discover and validate microbial species deregulated in obesity, and show the changes of gut microbial composition after weight-loss treatment.;Good;Obesity has become a global epidemic as a high risk factor for type 2 diabetes, cardiovascular diseases and cancer. Besides human genetics, our gut microbiome is another contributor to human obesity. Here we perform metagenome-wide association studies (MGWAS) on fecal samples from a case-control cohort including 95 Chinese young adults with obesity and 105 normal-weight controls, and 23 obese patients after weight-loss treatment. We discover and validate microbial species deregulated in obesity, and show the changes of gut microbial composition after weight-loss treatment.;ENA-FIRST-PUBLIC: 2016-05-31 || ENA-LAST-UPDATE: 2015-12-14;87;257;Gut microbial dysbiosis in young adults ;0,338521401;FALSE;FALSE;human
129;ERP117567;Long-term temporal stability of the resistome in sewage from Copenhagen;Other;NA;Bad;Long-term temporal stability of the resistome in sewage from Copenhagen;ENA-FIRST-PUBLIC: 2019-09-30 || ENA-LAST-UPDATE: 2019-09-28;33;277;Long-term temporal stability of the resi;0,119133574;FALSE;FALSE;unknown
139;ERP122507;Microbiome signature in post-treatment Lyme disease syndrome patients;Other;"Lyme disease is the most common vector-borne disease in the United States with an estimated incidence of 300,000 infections annually. Antibiotic intervention cures Lyme disease in the majority of cases; however, 10-20% of patients develop post-treatment Lyme disease syndrome (PTLDS), a debilitating condition characterized by chronic fatigue, pain, and cognitive difficulties. The underlying mechanism responsible for PTLDS symptoms, as well as a reliable diagnostic tool, has remained elusive. We reasoned that the gut microbiome may play an important role in PTLDS given that the symptoms overlap considerably with conditions in which a dysbiotic microbiome has been observed, including mood, cognition, and autoimmune disorders. Analysis of sequencing data from a rigorously curated cohort of PTLDS patients revealed a gut microbiome signature distinct from healthy control subjects, as well as from ICU patients being treated with antibiotics. Notably, microbiome sequencing data alone was indicative of PTLDS which presents a potential, novel diagnostic tool for PTLDS.";Antibiotics;NA;ENA-FIRST-PUBLIC: 2020-09-06 || ENA-LAST-UPDATE: 2020-06-23;4;288;Microbiome signature in post-treatment L;0,013888889;FALSE;TRUE;human
28;ERP001911;Gut microbiomes of Malawian twin pairs discordant for kwashiorkor;Metagenomics;Epidemiologic studies have emphasized that food insecurity is not the sole cause of malnutrition. To investigate the role of the gut microbiome, we studied 317 Malawian twins during the first 3 years of life. Discordance for moderate or severe malnutrition was 43%, and not affected by zygosity or gender. Both co-twins in a discordant pair with kwashiorkor were treated with a peanut-based, ready-to-use therapeutic food (RUTF). Time-series metagenomic studies of 9 same-gender pairs who remained healthy and 13 who became discordant for kwashiorkor revealed that RUTF produced a transient maturation in the representation of metabolic functions in kwashiorkor microbiomes that regressed shortly after cessation of RUTF. Previously frozen fecal communities from several discordant pairs were transplanted into gnotobiotic mice who were given a representative, nutrient-deficient Malawi diet followed by RUTF and then the Malawi diet. Metagenomic, mass spectrometric and NMR studies revealed that the combination of a Malawi diet and a kwashiorkor microbiome produced marked weight loss in the gnotobiotic mice, accompanied by substantial perturbations in amino acid and carbohydrate metabolism that were only transiently ameliorated with RUTF. These findings implicate the gut microbiome as a causal factor in a severe form of undernutrition and suggest that long-term nutritional support may be required to correct persistent metabolic defects arising from microbiome dysfunction in undernourished children.;Good - malnutrition;NA;metadata_complete: y || includes_timeseries: 0 || sff_complete: y || investigation_type: metagenome || submit_to_insdc: n || study_alias: MAL08Ill || project_name: Yatsunenko_malawi_twins_MG || sample_count: 290 || study_description: Study of discordant and concordant malawi twins - metagenome segment || miens_compliant: y || study_abstract: Epidemiologic studies have emphasized that food insecurity is not the sole cause of malnutrition. To investigate the role of the gut microbiome, we studied 317 Malawian twins during the first 3 years of life. Discordance for moderate or severe malnutrition was 43%, and not affected by zygosity or gender. Both co-twins in a discordant pair with kwashiorkor were treated with a peanut-based, ready-to-use therapeutic food (RUTF). Time-series metagenomic studies of 9 same-gender pairs who remained healthy and 13 who became discordant for kwashiorkor revealed that RUTF produced a transient maturation in the representation of metabolic functions in kwashiorkor microbiomes that regressed shortly after cessation of RUTF. Previously frozen fecal communities from several discordant pairs were transplanted into gnotobiotic mice who were given a representative, nutrient-deficient Malawi diet followed by RUTF and then the Malawi diet. Metagenomic, mass spectrometric and NMR studies revealed that the combination of a Malawi diet and a kwashiorkor microbiome produced marked weight loss in the gnotobiotic mice, accompanied by substantial perturbations in amino acid and carbohydrate metabolism that were only transiently ameliorated with RUTF. These findings implicate the gut microbiome as a causal factor in a severe form of undernutrition and suggest that long-term nutritional support may be required to correct persistent metabolic defects arising from microbiome dysfunction in undernourished children. || study_title: Gut microbiomes of Malawian twin pairs discordant for kwashiorkor;15;290;Gut microbiomes of Malawian twin pairs d;0,051724138;TRUE;TRUE;human
61;ERP016524;International Human Microbiome Standards;Metagenomics;A detailed understanding of human-microbe symbiosis requires a precise characterization of human-associated microorganisms, the human  microbiome. To progress towards this ambitious goal it is of utmost importance that the data generated in each of many large projects involved in human metagenome research be optimally comparable. The International Human Microbiome Standards (IHMS) project coordinated the development of standard operating procedures designed to optimize data quality and comparability in the human microbiome field.  Overall, IHMS focused on all key aspects  of  from human sample identification, collection and processing to DNA sequence generation and analysis. We herein outline IHMS contribution concerning sample identification, collection and processing. Consideration was given to the requirement for high throughput treatment of large sample sets. A suite of sample collection procedures were compared allowing the management of different conditions and delivery-time for appropriately identified samples. The 8 partners of IHMS and 15 contributors across 12 different countries further participated in a study designed to identify the critical features and optimal protocols for DNA preparation. Contributors were offered to treat aliquots of two fecal samples using their own lab procedures. Stringent selection criteria were applied for DNA yield and quality. Full metagenomic sequencing and analysis allowed to assess the recovery of diversity and specific bacterial taxa. An initial subset of 3 satisfactory protocols was selected and analysed with respect to sequencing and data analysis standards. A final set of 14 SOPs, covering all stages of the process, have been produced. It must be kept in mind that the specific area of nucleic acids preparation does see constant evolutions and improvements, such that IHMS protocols may not be regarded as optimal in the long run. Yet they will highlight critically key feature, may serve as benchmark and help move towards automation.  Supported by the European Commission under the 7th Framework Programme, IHMS Project organizes public access to downloadable SOPs and enables exchanges between users and providers of the standards  For mode details, see : http://www.microbiome-standards.org/;Bad;A detailed understanding of human-microbe symbiosis requires a precise characterization of human-associated microorganisms, the human  microbiome. To progress towards this ambitious goal it is of utmost importance that the data generated in each of many large projects involved in human metagenome research be optimally comparable. The International Human Microbiome Standards (IHMS) project coordinated the development of standard operating procedures designed to optimize data quality and comparability in the human microbiome field.  Overall, IHMS focused on all key aspects  of  from human sample identification, collection and processing to DNA sequence generation and analysis. We herein outline IHMS contribution concerning sample identification, collection and processing. Consideration was given to the requirement for high throughput treatment of large sample sets. A suite of sample collection procedures were compared allowing the management of different conditions and delivery-time for appropriately identified samples. The 8 partners of IHMS and 15 contributors across 12 different countries further participated in a study designed to identify the critical features and optimal protocols for DNA preparation. Contributors were offered to treat aliquots of two fecal samples using their own lab procedures. Stringent selection criteria were applied for DNA yield and quality. Full metagenomic sequencing and analysis allowed to assess the recovery of diversity and specific bacterial taxa. An initial subset of 3 satisfactory protocols was selected and analysed with respect to sequencing and data analysis standards. A final set of 14 SOPs, covering all stages of the process, have been produced. It must be kept in mind that the specific area of nucleic acids preparation does see constant evolutions and improvements, such that IHMS protocols may not be regarded as optimal in the long run. Yet they will highlight critically key feature, may serve as benchmark and help move towards automation.  Supported by the European Commission under the 7th Framework Programme, IHMS Project organizes public access to downloadable SOPs and enables exchanges between users and providers of the standards  For mode details, see : http://www.microbiome-standards.org/;ENA-FIRST-PUBLIC: 2017-06-21 || ENA-LAST-UPDATE: 2021-08-02;3;294;International Human Microbiome Standards;0,010204082;FALSE;FALSE;human
164;ERP129777;Recovery of metagenome-assembled genomes from 110 rice cultivars;Other;Recovery of metagenome-assembled genomes from 110 rice cultivars. The dataset was created in a collaboration between Hunan Plant Protection Institute (Hunan Academy of Agricultural Sciences, China), Institute of Plant Protection (Chinese Academy of Agricultural Sciences, China), and Institute of Environmental Biotechnology (Graz University of Technology, Austria).;Bad;Recovery of metagenome-assembled genomes from 110 rice cultivars. The dataset was created in a collaboration between Hunan Plant Protection Institute (Hunan Academy of Agricultural Sciences, China), Institute of Plant Protection (Chinese Academy of Agricultural Sciences, China), and Institute of Environmental Biotechnology (Graz University of Technology, Austria).;ENA-FIRST-PUBLIC: 2021-07-05 || ENA-LAST-UPDATE: 2021-07-05;3;330;Recovery of metagenome-assembled genomes;0,009090909;FALSE;FALSE;unknown
162;ERP129561;Different development status of gut microbiome link to the dysbiosis of gut ecosystem in early childhood with atopic dermatitis;Other;Gut microbiome in early childhood can play important role in allergic diseases, but the comprehensive understanding of microbiome-human crosstalk is limited. We analyzed the development of gut microbiome during early life and compared them between infants with atopic dermatitis (AD) and without AD. The maturation of gut microbiome was higher at early ages (6-12 months) and lower at later ages (13-36 months) in childhood with AD. The influence of gut microbiome on the AD was not caused by single taxa throughout early life but caused by the development status. Dysregulated development of gut microbiome leaded to the dysbiosis of functional gene features and short-chain fatty acids profiles along age. Dysbiosis of gut microbiome in AD groups during early life could be causation or resultant of continuously symbiosis between gut microbiome and host. Our results advanced the hypothesis about the microbiome-host interactions in AD during early life.;Good - other disease;Gut microbiome in early childhood can play important role in allergic diseases, but the comprehensive understanding of microbiome-human crosstalk is limited. We analyzed the development of gut microbiome during early life and compared them between infants with atopic dermatitis (AD) and without AD. The maturation of gut microbiome was higher at early ages (6-12 months) and lower at later ages (13-36 months) in childhood with AD. The influence of gut microbiome on the AD was not caused by single taxa throughout early life but caused by the development status. Dysregulated development of gut microbiome leaded to the dysbiosis of functional gene features and short-chain fatty acids profiles along age. Dysbiosis of gut microbiome in AD groups during early life could be causation or resultant of continuously symbiosis between gut microbiome and host. Our results advanced the hypothesis about the microbiome-host interactions in AD during early life.;ENA-FIRST-PUBLIC: 2021-11-10 || ENA-LAST-UPDATE: 2021-11-10;59;338;Different development status of gut micr;0,174556213;FALSE;FALSE;human
134;ERP120125;Using metabolomics and microbiome analysis as tools to investigate cheetah liver necrosis syndrome a pilot study;Metagenomics;The purpose of this project is to explore whether using metabolomics offers a more detailed biochemical picture of ingested materials, both dietary and environmental, beyond the limited nutritional analyses already available. Further, do cheetahs vary in their physiological response to these ingested materials, determined by studying the gut microbiome via fecal samples?;Bad;NA;ENA-FIRST-PUBLIC: 2020-02-21 || ENA-LAST-UPDATE: 2020-02-21;79;352;Using metabolomics and microbiome analys;0,224431818;FALSE;FALSE;unknown
137;ERP121770;Gastrointestinal Surgery for Inflammatory Bowel Disease Persistently Lowers Microbiome and Metabolome Diversity;Other;"Background Many studies have investigated the role of the microbiome in inflammatory bowel disease (IBD), but few have focused on surgery specifically or its consequences on the metabolome that may differ by surgery type and require longitudinal sampling. Our objective was to characterize and contrast microbiome and metabolome changes after different surgeries for IBD, including ileocolonic resection and colectomy.  Methods The UC San Diego IBD Biobank was used to prospectively collect 332 stool samples from 129 subjects (50 ulcerative colitis; 79 Crohn's disease). Of these, 21 with Crohn's disease had ileocolonic resections, and 17 had colectomies. We used shotgun metagenomics and untargeted liquid chromatography followed by tandem mass spectrometry metabolomics to characterize the microbiomes and metabolomes of these patients up to 24 months after the initial sampling.  Results The species diversity and metabolite diversity both differed significantly among groups (species diversity: Mann-Whitney U test P value = 7.8e-17; metabolomics, P-value = 0.0043). Escherichia coli in particular expanded dramatically in relative abundance in subjects undergoing surgery. The species profile was better able to classify subjects according to surgery status than the metabolite profile (average precision 0.80 vs 0.68).  Conclusions Intestinal surgeries seem to reduce the diversity of the gut microbiome and metabolome in IBD patients, and these changes may persist. Surgery also further destabilizes the microbiome (but not the metabolome) over time, even relative to the previously established instability in the microbiome of IBD patients. These long-term effects and their consequences for health outcomes need to be studied in prospective longitudinal trials linked to microbiome-involved phenotypes.";Good - IBD and CD;"Background Many studies have investigated the role of the microbiome in inflammatory bowel disease (IBD), but few have focused on surgery specifically or its consequences on the metabolome that may differ by surgery type and require longitudinal sampling. Our objective was to characterize and contrast microbiome and metabolome changes after different surgeries for IBD, including ileocolonic resection and colectomy.  Methods The UC San Diego IBD Biobank was used to prospectively collect 332 stool samples from 129 subjects (50 ulcerative colitis; 79 Crohn's disease). Of these, 21 with Crohn's disease had ileocolonic resections, and 17 had colectomies. We used shotgun metagenomics and untargeted liquid chromatography followed by tandem mass spectrometry metabolomics to characterize the microbiomes and metabolomes of these patients up to 24 months after the initial sampling.  Results The species diversity and metabolite diversity both differed significantly among groups (species diversity: Mann-Whitney U test P value = 7.8e-17; metabolomics, P-value = 0.0043). Escherichia coli in particular expanded dramatically in relative abundance in subjects undergoing surgery. The species profile was better able to classify subjects according to surgery status than the metabolite profile (average precision 0.80 vs 0.68).  Conclusions Intestinal surgeries seem to reduce the diversity of the gut microbiome and metabolome in IBD patients, and these changes may persist. Surgery also further destabilizes the microbiome (but not the metabolome) over time, even relative to the previously established instability in the microbiome of IBD patients. These long-term effects and their consequences for health outcomes need to be studied in prospective longitudinal trials linked to microbiome-involved phenotypes.";ENA-FIRST-PUBLIC: 2021-05-07 || ENA-LAST-UPDATE: 2021-05-07;57;382;Gastrointestinal Surgery for Inflammator;0,14921466;FALSE;FALSE;human
29;ERP002061;A method for identifying metagenomic species and variable genetic elements by exhaustive co-abundance binning;Metagenomics;The microbial diversity of environments like the human gut extends far beyond what is covered by reference genomes. Here we present a method for exhaustive and unsupervised co-abundance gene binning across a series of highly complex metagenomic samples. As the method does not rely on previously sequenced reference genomes it allows for discovery of new species, viruses and clonal heterogeneity. We demonstrate the method on human gut microbiome data and identify 7,381 co-abundance gene groups (CAGs) ranging in size from 3 to 6,319 genes. The CAGs represent a wide variety of biological entities including microbial genomes, phages and clonal differences. We name the 741 largest of these metagenomic species (MGS), because they correspond to microbial species. In addition, we establish microbial host affiliations by dependency-associations for many small CAGs. Longitudinal sampling in the same individuals indicates that some of these dependency-associations are important for the persistence of their microbial host;Good;The microbial diversity of environments like the human gut extends far beyond what is covered by reference genomes. Here we present a method for exhaustive and unsupervised co-abundance gene binning across a series of highly complex metagenomic samples. As the method does not rely on previously sequenced reference genomes it allows for discovery of new species, viruses and clonal heterogeneity. We demonstrate the method on human gut microbiome data and identify 7,381 co-abundance gene groups (CAGs) ranging in size from 3 to 6,319 genes. The CAGs represent a wide variety of biological entities including microbial genomes, phages and clonal differences. We name the 741 largest of these metagenomic species (MGS), because they correspond to microbial species. In addition, we establish microbial host affiliations by dependency-associations for many small CAGs. Longitudinal sampling in the same individuals indicates that some of these dependency-associations are important for the persistence of their microbial host;NA;14;396;A method for identifying metagenomic spe;0,035353535;FALSE;FALSE;human
71;ERP023788;Here we performed a metagenome-wide association study (MWAS) on stools from 218 individuals with atherosclerotic cardiovascular disease (ACVD) and 187 healthy controls.;Other;The gut microbiota has been linked to cardiovascular diseases, most notably through the production of trimethylamine and its hepatic conversion to the proatherogenic metabolite, trimethylamine-N-oxide. However, the composition and functional capacity of the gut microbiome in relation to cardiovascular diseases have not been systematically examined. Here we perform a metagenome-wide association study on stools from 218 individuals with atherosclerotic cardiovascular disease (ACVD) and 187 healthy controls. The ACVD gut microbiome deviates from the healthy status by increased abundance of Enterobacteriaceae and Streptococcus spp. and, functionally, in the potential for metabolism or transport of several molecules important for cardiovascular health. We further identify common themes by comparison with gut microbiome data associated with other cardiometabolic diseases (obesity and type 2 diabetes), liver cirrhosis, and an autoimmune disease, rheumatoid arthritis. Our data represent a comprehensive resource for further investigations on the role of the gut microbiome in promoting or preventing ACVD as well as other related diseases.;Good - other disease;The gut microbiota has been linked to cardiovascular diseases, most notably through the production of trimethylamine and its hepatic conversion to the proatherogenic metabolite, trimethylamine-N-oxide. However, the composition and functional capacity of the gut microbiome in relation to cardiovascular diseases have not been systematically examined. Here we perform a metagenome-wide association study on stools from 218 individuals with atherosclerotic cardiovascular disease (ACVD) and 187 healthy controls. The ACVD gut microbiome deviates from the healthy status by increased abundance of Enterobacteriaceae and Streptococcus spp. and, functionally, in the potential for metabolism or transport of several molecules important for cardiovascular health. We further identify common themes by comparison with gut microbiome data associated with other cardiometabolic diseases (obesity and type 2 diabetes), liver cirrhosis, and an autoimmune disease, rheumatoid arthritis. Our data represent a comprehensive resource for further investigations on the role of the gut microbiome in promoting or preventing ACVD as well as other related diseases.;ENA-FIRST-PUBLIC: 2017-12-14 || ENA-LAST-UPDATE: 2017-06-27;90;405;Here we performed a metagenome-wide asso;0,222222222;FALSE;TRUE;unknown
17;DRP005676;Metagenomics in the northeast coast of Japan;Metagenomics;In the present study, with the aim of understanding the effects of the gigantic earthquake and its resulting tsunami in Tohoku area on marine biodiversity and ecosystem, we develop a meta-genomic method of observing a variety of marine microorganisms at once and its practical application to environmental monitoring. Utilizing the methods developed, we make assessment of marine environments by comparing the diversity of microorganisms in spots along the sea coasts between Tohoku area and other areas. The outcome of the present study is expected to make contributions to deeper understanding of marine ecosystem of microorganisms.;Bad;NA;NA;1;415;Metagenomics in the northeast coast of J;0,002409639;FALSE;FALSE;unknown
150;ERP125261;Critical evaluation of preservation methods for metagenomic analysis of faecal microbiomes;Other;Objective The ability to preserve microbial communities [DP1] in faecal samples is essential as increasing numbers of studies seek to use the gut microbiome to identify biomarkers of disease. Here we rigorously evaluate five room temperature (RT) preservation methods to accurately represent species and functional profiles from faecal metagenomes compared to the commonly accepted best practice of flash-freezing.Design The methods evaluated were OMNIgene-GUT, RNAlater, LifeGuard, BBL CultureSwab, and the Copan FLOQSwab in an active drying tube (FLOQSwab-ADT) for the maximum recommended storage time at RT, then at -20?C until four weeks[DP2] [AP3] [AP4] . Each [DP5] method was assessed using six replicate faecal samples from five participants, totalling 180 samples. We further evaluated 240 samples across ten participants with the FLOQSwab-ADT to determine community stability after storage at -20?C, RT, and 50?C for four weeks compared to fresh controls. All samples were sequenced using shotgun metagenomics and gut microbiome profiles were assessed for technical and compositional (species and functional) reproducibility. Results FLOQSwab-ADT had the best combined performance followed by RNAlater and OMNIgene-GUT. LifeGuard and the BBL swab had unpredictable outgrowth of Escherichia species in at least one replicate from each participant. Additionally, FLOQSwab-ADT accurately preserved species and functional profiles at all temperatures tested relative to fresh controls. Conclusions FLOQSwab-ADT is a simple and robust liquid-free sampling method well-suited for direct-to-consumer and research-focused faecal sample preservation. BBL swab and LifeGuard are not recommended for RT preservation of faecal samples.;Bad;Objective The ability to preserve microbial communities [DP1] in faecal samples is essential as increasing numbers of studies seek to use the gut microbiome to identify biomarkers of disease. Here we rigorously evaluate five room temperature (RT) preservation methods to accurately represent species and functional profiles from faecal metagenomes compared to the commonly accepted best practice of flash-freezing.Design The methods evaluated were OMNIgene-GUT, RNAlater, LifeGuard, BBL CultureSwab, and the Copan FLOQSwab in an active drying tube (FLOQSwab-ADT) for the maximum recommended storage time at RT, then at -20?C until four weeks[DP2] [AP3] [AP4] . Each [DP5] method was assessed using six replicate faecal samples from five participants, totalling 180 samples. We further evaluated 240 samples across ten participants with the FLOQSwab-ADT to determine community stability after storage at -20?C, RT, and 50?C for four weeks compared to fresh controls. All samples were sequenced using shotgun metagenomics and gut microbiome profiles were assessed for technical and compositional (species and functional) reproducibility. Results FLOQSwab-ADT had the best combined performance followed by RNAlater and OMNIgene-GUT. LifeGuard and the BBL swab had unpredictable outgrowth of Escherichia species in at least one replicate from each participant. Additionally, FLOQSwab-ADT accurately preserved species and functional profiles at all temperatures tested relative to fresh controls. Conclusions FLOQSwab-ADT is a simple and robust liquid-free sampling method well-suited for direct-to-consumer and research-focused faecal sample preservation. BBL swab and LifeGuard are not recommended for RT preservation of faecal samples.;ENA-FIRST-PUBLIC: 2021-01-22 || ENA-LAST-UPDATE: 2020-11-23;26;420;Critical evaluation of preservation meth;0,061904762;FALSE;FALSE;human
48;ERP012803;American Gut Project;Other;The American Gut project is the largest crowdsourced citizen science project to date. Fecal, oral, skin, and other body site samples collected from thousands of participants represent the largest human microbiome cohort in existence. Detailed health and lifestyle and diet data associated with each sample is enabling us to deeply examine associations between the human microbiome and factors such as diet (from vegan to near carnivore and everything in between), season, amount of sleep, and disease states such as IBD, diabetes, or autism spectrum disorder-as well as many other factors not listed here. The American Gut project also encompasses the British Gut and Australian Gut projects, widening the cohort beyond North America. As the project continues to grow, we will be able to identify significant associations that would not be possible with smaller, geographically and health/disease status-limited cohorts.;Good - Danger multi-body-site;NA;NA;1;442;American Gut Project;0,002262443;FALSE;FALSE;human
9;DRP004793;metagenomic data from human fecal samples;Metagenomics;Total microbial community DNA was isolated from the fecal samples of Japanese patients who underwent colonoscopy at National Cancer Research Center. The study population contains health, early and advanced cancer stages.;Good - CRC;NA;NA;24;565;metagenomic data from human fecal sample;0,042477876;FALSE;FALSE;human
111;ERP114226;Metagenomic assessment of the effect of sample processing on different microbiomes;Other;Based on 4 samples processed differently (Pig feces 1 & 2 (P1 & P2) Sewage 1 & 2 (S1 & S2)), storage conditions (Time 0h, 16h, 64h Temperature (-80C, -20C, 5C, 22C)), sequencing platform (FTX=Freeze thawing, HX=Nextflex Hiseq, LTSX=Kappa Hiseq, NX1NS=Nextera Nextseq, NX2NS=Nextera Nextseq, NFNS=Nextflex Nextseq). Sample names containing HHKTMBBXX are resequenced samples. Sample names containing MC are spiked with a mock community. Sample names containing EC, ECPBS and pureMC, are negative DNA extraction controls, negative controls containing PBS and postive controls of the mock community used to spike with, respectively. The a, b and c are indicators of replicate number.;Bad;Based on 4 samples processed differently (Pig feces 1 & 2 (P1 & P2) Sewage 1 & 2 (S1 & S2)), storage conditions (Time 0h, 16h, 64h Temperature (-80C, -20C, 5C, 22C)), sequencing platform (FTX=Freeze thawing, HX=Nextflex Hiseq, LTSX=Kappa Hiseq, NX1NS=Nextera Nextseq, NX2NS=Nextera Nextseq, NFNS=Nextflex Nextseq). Sample names containing HHKTMBBXX are resequenced samples. Sample names containing MC are spiked with a mock community. Sample names containing EC, ECPBS and pureMC, are negative DNA extraction controls, negative controls containing PBS and postive controls of the mock community used to spike with, respectively. The a, b and c are indicators of replicate number.;ENA-FIRST-PUBLIC: 2019-03-13 || ENA-LAST-UPDATE: 2019-03-11;67;567;Metagenomic assessment of the effect of ;0,118165785;FALSE;FALSE;environmenal
115;ERP115476;iMSMS Baranzini data;Other;fecal samples from iMSMS consortium samples;BadGood - mice and human ? - other disease;NA;ENA-FIRST-PUBLIC: 2019-08-05 || ENA-LAST-UPDATE: 2019-05-25;6;1118;iMSMS Baranzini data;0,005366726;FALSE;FALSE;unknown
110;ERP114102;Short read Whole genome shotgun sequencing of 276 wild A. thaliana rosettes from south west Germany.;Other;Microorganisms from all three domains of life establish associations with plants. Although some harm the plant as pathogens, others antagonize pathogens or help the plant though priming of the plant immune system, nutrient acquisition, tuning plant hormone levels, and more. Most culture-independent plant microbiome research has focused on amplicon sequencing of 16S rRNA and/or the internal transcribed spacer (ITS), but the decreasing price of high-throughput sequencing has made shotgun metagenome sequencing increasingly accessible. Here, we describe the shotgun sequencing of 275 wild Arabidopsis thaliana leaf microbiomes from southwest Germany, with additional 16S and ITS1 amplicon data for 176 of those samples. The samples were dominated by bacteria, with eukaryotes contributing a minority of reads. Microbial membership showed weak associations with both site of origin and plant genotype, which were highly confounded. There is large variation among microbiomes, with one extreme comprising samples of low complexity and a high load of microorganisms typical of infected plants, and samples of high complexity and a low microbial load as the other extreme. We use the metagenome data, which captures the ratio of plant to bacterial DNA in real leaves, to scale the 16S amplicon data such that they reflect absolute bacterial abundance, and show that this cost effective hybrid strategy overcomes compositionality problems in amplicon data and leads to fundamentally different conclusions about microbiome assembly.;Bad;Microorganisms from all three domains of life establish associations with plants. Although some harm the plant as pathogens, others antagonize pathogens or help the plant though priming of the plant immune system, nutrient acquisition, tuning plant hormone levels, and more. Most culture-independent plant microbiome research has focused on amplicon sequencing of 16S rRNA and/or the internal transcribed spacer (ITS), but the decreasing price of high-throughput sequencing has made shotgun metagenome sequencing increasingly accessible. Here, we describe the shotgun sequencing of 275 wild Arabidopsis thaliana leaf microbiomes from southwest Germany, with additional 16S and ITS1 amplicon data for 176 of those samples. The samples were dominated by bacteria, with eukaryotes contributing a minority of reads. Microbial membership showed weak associations with both site of origin and plant genotype, which were highly confounded. There is large variation among microbiomes, with one extreme comprising samples of low complexity and a high load of microorganisms typical of infected plants, and samples of high complexity and a low microbial load as the other extreme. We use the metagenome data, which captures the ratio of plant to bacterial DNA in real leaves, to scale the 16S amplicon data such that they reflect absolute bacterial abundance, and show that this cost effective hybrid strategy overcomes compositionality problems in amplicon data and leads to fundamentally different conclusions about microbiome assembly.;ENA-FIRST-PUBLIC: 2019-04-30 || ENA-LAST-UPDATE: 2019-03-05;2;1404;Short read Whole genome shotgun sequenci;0,001424501;FALSE;FALSE;unknown
57;ERP015155;Effects of preservation and storage conditions on the fecal microbiome;Other;Microbiome studies using fecal samples have allowed us to discover a lot about human health, animal evolution, and basic host-microbe interactions. In most studies, the workflow of conducting a microbiome study involves collecting and stabilizing a sample until it can be processed in a laboratory so that the community experiences little to no change until analysis. One widely used method is freezing at -20C or -80C. However, in scenarios were freezing is not a viable option, an alternative preservation method must used, but the effectiveness of commonly used preservatives is not well understood. To better understand the effects of different storage preservatives and storage conditions on the microbial community of fecal samples, we exposed human and canine fecal samples to a variety of commonly used preservation methods including freezing, using ethanol, RNALater, Omni-gene gut, and FTA cards, and a range of temperature conditions.;Bad;NA;NA;23;1532;Effects of preservation and storage cond;0,015013055;FALSE;FALSE;human
87;ERP106623;Common beans and cowpeas as complementary foods to reduce environmental enteric dysfunction and stunting in Malawian children;Other;Interventions to decrease the burden of childhood malnutrition are urgently needed, as millions of children die annually owing to undernutrition and hundreds of millions more are left cognitively and physically stunted. Environmental enteric dysfunction (EED), a pervasive chronic subclinical inflammatory condition among children that develops when complementary foods are introduced, places them at high risk of stunting, malabsorption, and poor oral vaccine efficacy. Improved interventions to reduce the burden of EED and stunting are expected to markedly improve the nutritional status and survival of children throughout resource-limited settings. We conducted two prospective randomized controlled clinical trials to determine whether common beans or cowpeas improve growth, ameliorate EED, and alter the intestinal microbiome during a high-risk period in the lives of rural Malawian children.;Good - malnutrition;Interventions to decrease the burden of childhood malnutrition are urgently needed, as millions of children die annually owing to undernutrition and hundreds of millions more are left cognitively and physically stunted. Environmental enteric dysfunction (EED), a pervasive chronic subclinical inflammatory condition among children that develops when complementary foods are introduced, places them at high risk of stunting, malabsorption, and poor oral vaccine efficacy. Improved interventions to reduce the burden of EED and stunting are expected to markedly improve the nutritional status and survival of children throughout resource-limited settings. We conducted two prospective randomized controlled clinical trials to determine whether common beans or cowpeas improve growth, ameliorate EED, and alter the intestinal microbiome during a high-risk period in the lives of rural Malawian children.;ENA-FIRST-PUBLIC: 2018-02-05 || ENA-LAST-UPDATE: 2018-03-06;304;2511;Common beans and cowpeas as complementar;0,121067304;FALSE;FALSE;human
